Wallet Address,Owner,Risk Score,Total Transactions, Amount Transacted,Sender Wallet,Receiver Wallet,Amount Transacted
uifa6v0thgv9p1axtz5hwnnjl9qcl3lyvp,Owner_1,Low,26,5598.87,3yv0j4hkavco7jipwjkzyl4ubnz027wzvy,snwcbx9thhwse0w8q8nvpztbfv87eofzkx,432
kzeizh8oks7a33gpa9i8qxsf98t0k84kbk,Owner_2,Medium,10,6530.59,udouq00b4ksducfsl5hpaaagiqk69txpp7,yp31zz164dfsffkixrwv52gt0etpe70bka,846
bve42vyxbtfjs6wwdz692r1j9kdcu0yyll,Owner_3,Medium,67,5407.73,ok6btml2xmh6dq7jwc9opmg04b9pf17lkb,kiql9lxppdr2mflzp71zrbmgl4ogfwc8p5,681
tfebjo1ubq0pvx9uife8sh7o088yrtlyz0,Owner_4,Low,30,9142.7,z1g8mcogivrzvbetf4u8o777om0b4v92ys,n8l1t5yctu17d2qxikmk2wygaoopf0it1l,123
hgchqmynyjcc8gg58ealrt9r8xn95zfplp,Owner_5,Low,46,6031.78,h1f3bj8lqqyux7n4rv2qt9e8orqi7u9sp4,8o9yw9wjweg0qm9qjy72axks7br2333jrm,178
dskz2v9yjucp2dylvhnix4kpcbsbb9xak0,Owner_6,High,40,4486.27,8xqjc3xlui700gx7ma5kza731mc6737lql,y5o2d6115v2rbjhl3zvd7qn1tder80a9mg,507
l4rbalx7noeyl4dah0sgsvo9hr6tp17mn1,Owner_7,High,64,5479.91,z8vebjnn5q5anjvqhxvcmknb5h8jo3lj62,immk9oblxdt86c6eue4tdykijoubx39baw,821
2z4w5ickwthzozy7l1t8zak18u31polnb5,Owner_8,Low,65,5623.48,pz6hyaa10k6staozfq52e28g2ibs29unot,eb4jn4c8wq0yb9s5n9pghai8h7jsghinau,455
yx6nlc8f2e36pytqz7vmdo8uyw216v9ayr,Owner_9,Medium,61,773.53,8ra2utllre6hh7tqlfk9fvh54c2u9ox2y1,0a6gtdie4s1lecpmt2nzjhz3gy9m258bsi,302
xiyrk4llgwmxlkfql84lslnfvgy2s9m8j4,Owner_10,Medium,35,9242.42,wqrfcsayxlrjyriojxg2lqw9rx9ptssaua,l26aoahsa7dnbw2kqyqhrci6pg5s7wfp6e,395
66sgtfet919bahg3sydccledlbsdzm5uul,Owner_11,Low,48,5487.97,97bokc395gzbwaqw0ygwhed8x628fuwwwx,v0ti30gqkfrgg2wd4jeblhdtd1o5uaphcp,928
l0pkw6priyngir44xo3qzb8ymqega8emo6,Owner_12,Medium,10,7657.81,g0e66u7bw43zfv7nceexgghhbs8asouzsu,srga2y5xf2qima0p3q92t4v9zqac50v6mo,575
spt2sv6i8ntsekw5x343tv6tpp7pd4nvnm,Owner_13,Low,87,6910.29,f5jdhpeov8kkciwak1fqdnto9g10ytd7cz,7ex0z2knek4qj19k2psgdce5byj4mgfpx3,111
6sjunrrcgk93ls0kaypjv6x0vxfpr7bvd6,Owner_14,High,69,2482.49,3mzz64fismsgurmfwv88kbvxsat87py43o,vfkh8rnoynypa8eb47h4mdwi487twtmgd5,370
opupa399qkd61cfmgeijvaa7fgz70mcvlv,Owner_15,Low,39,1894.71,t1grp71aysxoumfslose0xmty5p8uruvb0,tm0ec2pwi4q86r7xlyjxxwcjhu05gfqrk7,483
1f1a8pkcdz20tawzurj571ijhegyaztqle,Owner_16,Medium,11,6262.81,82rzwjx9km60jny9qf1e86ndtmsw9xk40j,ps7prfsgmfdzoohpq330aji7q5l6k9o0cq,427
844112huzewxofq5igyeakmp2e9v71k4vx,Owner_17,High,30,2571.32,d4pwkvj3w8z996ujur7ydc2qxnyqz6yttg,9he5dsib6ld34twim98snywc9amgpeo96c,438
vj5m5fuc20a72hzpl5vk4gtq04sjcp6nsb,Owner_18,Low,12,8448.53,4qsfd9jxkc0r6kp3h6w5d9o8h3x6z6axmo,4htrovm30wzgut26929jcg897lbaohjgce,123
1vtskys5mfqefoq6vxk47a9qbrr5yv56dc,Owner_19,Low,61,7540.47,bhekcpgrm4qkkx0t14t4z3x51q0v8p919a,kqzjwo4wrutk0p94zo4hh5opp8x3hgsubj,614
4im1gnmer2w7fahl1bvrzhdy4jjwvisu9t,Owner_20,High,64,3755.09,wvu9clcn41m3ix54k3yxpx3y3db84g7ttt,ieodxx1qcoas6fhe52i25whpy1z71lgrvd,692
9qsgp2ycp0joylxs9oaev3qqcliw6cwf2e,Owner_21,High,79,2569.2,2frnz2ccdj4l7n4v9b74akxo0r01ldrhgw,sd4xlk9euvlkcvgup5423ldutbt7qgb85x,579
j404tsjxq9vwzj44gdajygy2ik42dwdhs0,Owner_22,Low,6,8043.19,gewpyx5gtmhfll6jhfmxmzba15lzvejvgg,qdedts4mkq1pzwcn257e5o5g1hgg9tebrx,978
gx2aat9qt4b330u75uvhgyq80rqey6p6fu,Owner_23,High,56,6076.26,jque0nj1my4hlbjvrq2huqcwzc0h3ehki9,ao9ffqaqk3baxkfqnm306zk7wzqk70bihg,334
t19q1f9xoebq73hqneiup1aw284hztf8lh,Owner_24,High,45,3792.0,lj8usviibadezmwapjyda6tt6wt2ksgz66,syrmnedkarwzkog6yu4v9nue2ddcg5274u,269
e68ey17hrfz3f2mz2x6qa2lx07p2k1mdhg,Owner_25,Low,99,9193.02,j6ds2hdsg0x031ou1rac7jt3ktv2monmpa,xrpg75swmxib0usv0yhre87rd2akf52fxs,900
vrunt8qn9y30klbkpltmu15yu3geks7qcr,Owner_26,Medium,76,1784.72,fvcdx3xifqffjl4j5sfug3h3tab7ykvdyi,c3izqkbwx4vd13wd1frxsi605wy0re36fv,988
mm8pky5evvxrb3yaew30msgthsbu6xo35u,Owner_27,High,5,3963.49,vp7o06elsshcvd9mdwtnnny23b2iwcxzp6,roqn5nzefzmzfpfs3kehzui8p4neneko8x,355
6025hleznz9fl85cqgsbw5vo32emdrkts8,Owner_28,Low,20,7720.74,u46380zdnptp1ykfgho4fcfm7kaw6mo29i,tgm0tgwvjupjxtrvzbg14jjqo8x3z2fl00,683
huhklee1rso5q2sw973fj0ldhni0jkoqmh,Owner_29,Low,34,6699.0,u8qtt52eejklo5xpfozj0e4nhui0e3ramp,pl3joq3qwrmb32nyvgnnwn4ib2yg8vqknk,729
9o82lk38a607aha3c9qmj1yjuavci3roex,Owner_30,High,88,5990.56,ytkgoavqlpx6doye1nlppnz7thisyt32z8,q1uausium8ffi7rgyko1v3idcyul2f0bh8,568
2ysxk85ph4qzdg0hcz3xyn2i8gli7447b0,Owner_31,Medium,64,7169.05,inxhjv8hgx3hfqco5vh16r5pfet9hdvwyp,o8jzjst3pwclhtvhmfy8vfx5cjj8p3jldd,404
pofo75qrdsen6w3ipotbvy5sqwwtmrpucd,Owner_32,High,42,818.46,w5ozjqhbsbvcwzj8sj4p2ta2vvnz5uj5m9,5r7iun21sucdlce1oxtzs14yourb2kfxf1,105
mk013on89psmhah96vzocj4lm6c7bcbvce,Owner_33,Low,84,3260.25,6nxk883tpqrmzvo8rsls9wh5lrqgfjbutk,b0zxd8ebe3es9elnaqbqqnyzbe6r0j6wjn,704
24acdrugxywwwivhz2gelc6d2o1mtijx7d,Owner_34,High,71,7412.26,wlagdjl3save94ufmfv8v87zv5y5mgicmp,0n2a9ei5gln9ujfcagw05nio4lhha6urb9,767
i402uoywm88ffqvjcs9u11y26hvnxs2dgw,Owner_35,High,73,5483.9,dx7myw4hbnq65gj3bw0japhlg4uyb29f1e,8zdmp2w9llz196nanwrwh6xwl8p9wj0mn4,270
1392mqqeg77v44vt7qpcipbw2thlz57dq8,Owner_36,Medium,56,3926.26,akvxnxw67hoo5mafvipsqmj8ec8aar95xs,8vhwoby0cw7sxwuzmev53k0z7besd3dlz3,94
3vn5vf8gokb4v8jmnxsempe5ety77wiixk,Owner_37,Low,26,8564.1,s0fvtp3cn8wlnjkakm1t37w003qcmv8zyr,zrv2nacsgr8gm4jcgvrzza7zbci7215u5z,537
k91357bap92e8geixr4ck962p7wbn984w2,Owner_38,Medium,82,9584.54,hmyy423wmceh1kxy274zw7pab8iekaaywx,myf1qlmjdrrtun7zsqchvimrbojp17mv8n,147
acrd0zpuv75flelpmz60q07h0i0dpd4ct5,Owner_39,High,87,8337.19,4d9b4u9hpq41qg088qj4ny9walfpyxor9x,zxd7elelsygvymkrd3i6t5ov483918o1c2,572
8ysfnczgutc6t4240nne35h7qfg0mbyzwv,Owner_40,High,11,6738.52,r3n5ubc69t5dnuaoob0zgsbfrt0znigq2v,yhst454kxiwqnnodwii7siyccynnyvo4gc,138
juvvadc6tpy8kp84j8uo2oxeuwgk8mf5xi,Owner_41,Low,87,9223.66,audcnj028nifdc39s0txvcolcogvbe6amc,hfg87ire4mk1esn1hfl5cixia94mf1i4y5,497
m7u7cydmgwnqd16t4d7zb4u7n2h1kgt0vy,Owner_42,Medium,43,8114.64,ayi433527w155p8xd6748809443eclb8gy,9fkb2uq1nltvqhjp9rn33gaw17nwpmx36u,537
n7kfsyt1v6793us0o1ae5e3u5fspf1v2tc,Owner_43,Medium,69,1457.67,fh8zjyke44ksj3be1naltkskgg451x4rjp,hnkhgvaj0kmby7gzizo1svkx0suqbtgeof,593
eupe3menmcv4mvbddtw3jwlvrzvdk5cj0a,Owner_44,Medium,64,2560.95,6x2z9cuixts8361q6houzc8tklhpqc62m8,s8hkflisfdv2lkrdi4w7xsguwzftepmmz3,617
itrhcvfof3kcimezlr4codx75ipu3w0uy8,Owner_45,Medium,46,2301.3,vhdvt4rgkh8nzkzgaa8gmenjp4bn43i2j7,xlhc8pe501y30idzajal2w9gqlhbiy1p4u,368
1dg44s5wtjbz9jakb3o3g98b3lxt4uhzen,Owner_46,High,92,3077.05,oei2aajn5gkq90jdffr82g05sdurirn6uz,9u2n1toayunehf4px03fcx6vzp812j1ica,538
pcs2susqdtnxhq9148gcp5xkj14bwhebgq,Owner_47,Medium,51,8631.17,5nzdluc5eicdyp2zit8n5oyxd9pyjc9msm,rdd8z0agghevgstnjppewoewfpxkrwq2wk,206
liv5avl0reyi51i0nhpauqrfm86cvktjvz,Owner_48,High,22,383.85,n58olizunyty1ivpsodleg08v5aadsvf0c,bi6i3hj4ldq8unukswwka92ojl3ldi06d2,458
wec3dtgjzxzxuxj0xbumxl2iu7m6qgphrh,Owner_49,High,84,1197.16,zrcjvjv4cb74vre4ivyzd6nb0ak074nb6c,ubssbekpzmpqd5sug4o7p0kfszm6bzded3,622
gfhjyan3y2rmkpouikgeozslultqh5s8xi,Owner_50,Medium,45,8232.87,8i8hwkiwee5e59m33zpv7ksl1mmx5azsa2,vikw374h593m3wuyae8x19fccn1gm99b30,255
yvevt22xpdsdni33rbvoli51ernrz5yu1w,Owner_51,High,97,707.54,5gjxhmpauaalvvgpgmn79jy1qqzbz6mcot,w0cobwhtjgaaido1yqtmbiry7chfqqn292,937
zowitfklskmnvyc2gksmr0qp4fj3ztspqp,Owner_52,Low,39,6426.59,9vdu2hrpnx0zmv1y8aqj46lhg58iggn3q7,gui9h1v22jj69rf37iqk1ft5luo6q5hajv,797
qc054hy2a0hj8xqor0ilue1tlcpt0gabvm,Owner_53,Medium,99,4035.63,rpkjnibmbg9mu8o4u5j72ldpqzte0stk3j,atfiv4nym7zoi0am4wn4o6z27dtfxup67s,610
garcngpvww2o665ruz6ttu9u1360zadggi,Owner_54,Low,74,8692.7,fqbc0vc4rt6hrahvusn0mnqyoorj9q3jp5,e6yilbxnnthcvidlegcx0yjba56sn5e7w9,31
xqergde9h5d6qfo45mapzsmecbw1d3l37f,Owner_55,Low,25,5042.57,4qsk5kcewz86mf4g0v875i8cpg8li8gpwp,nu0ge3q63pc6xwsxsfvwrw1y0ohjr0lkuq,474
dlytbspakiepzd8yyk29fnuesyma8ft4ks,Owner_56,Low,40,8396.41,8jxe35mnj6e1msso7mn5snm7nwt5n56mcp,kncwdlnefmmezm2sdakxp5xhr5asn4r4yu,187
5daldpfcw6ihw288ssi1krgqazoi28pav4,Owner_57,Medium,51,6382.46,opk77uxe34kdx9eti4qv9mg5jx3ov9zj0d,mqyzvyo5xpypw0p59jguomfhzyidno5ljn,481
u8lp8sa9mj1xeno7w42w9c5m233z0lnyr2,Owner_58,Low,92,5063.45,lls3rujan1yej8snoq8dsul8t7raqyezlc,67pq8zmoquxatgc31htw3utaoc3llpg635,700
vlunl57ukz67j0dg3obzlnuy35iye5zrqa,Owner_59,Medium,41,1302.9,3s80p66uulnt2jx773wq4dje3xwld1rfl7,ktzsf5o44yrk50bq5uu6lq4dlkxhbnjkh6,776
4hpk4t2hcv1vg8iz9wggxy3alftnu5skww,Owner_60,High,86,3914.82,q44srk2prfao868gq3zxq2r2g8d97bimqd,401bg8r9zr6rn9zm6v313f8173n2d1pykv,923
ay4k8kdtj1d1kh1suxcogmjt2tgncj3w1f,Owner_61,Low,28,3816.74,b9f6e23w3e8bm9biyewmc9s3p268lhjgzl,x1i1pqqv2dkloz53jfgmuwdvpjdb58456c,543
hbnnq2fmwjbukmh27a4s480kz1pgkbe4ic,Owner_62,High,78,1952.88,f5vhhke4980jvuwrxq6lg9x755sfiveq4u,v2ydnovjg03jy3jtznl5vxixlriknr4nzg,592
aj2yoxhy0zt4ze858k9thg7dtuvov8gxa1,Owner_63,Medium,41,5613.24,a97bghxnx2mg8dwckfsjxt2h0ibj2yprgj,06x4nstgltocxg47zciebkhb3zirnbm7wt,223
nfd9o795vrukw6orflb5z7v72dxcjsdknl,Owner_64,Medium,95,2302.66,8dklmyg23m2q3yxrxt1lg1c6jnxq2i14vt,5g740st99f0zw9n4dewlvtzkqfe9mu8b7b,336
ubjw3gocaehjp8q6e2z48zlobj1lbjan3o,Owner_65,High,8,6927.84,3sa0t2h3ecu4r736372425674mmd01bky4,1gs8jc7ul858rwobtkyf0ojuu14e8c7e90,677
vhmenotpvoxkqoc8pum9mov8ci7f2u41om,Owner_66,Medium,26,8241.23,52exu41c4jp3o35emvkb8julapfle4z60z,7p1rdxxziedyqqy0obgll8py9j5kbs8yyr,143
1to64izkck382jw38c4u5iv9y66wzsiley,Owner_67,Low,57,3541.58,uol5979j7oq98uhf1uuk4s7kpy0w8l0grr,8a5tluuu0uc0ehr76peirkn72drk087n15,477
lm5oftlr1irjs3fwc6ed8loqbl0nqpwj3w,Owner_68,High,74,1027.7,b132f4mas5x2vougwvx0iirr17ngfepfpm,41py4j5hgevmsjukgzttjl2emnbktbgvud,749
fmrgf93hm70r0dwek9wjt9675jw3lo2umr,Owner_69,High,6,8898.46,rmowg0xiwiubc97i5uokjufl345wgd2n9w,wrti5eivouyrbqh7vpa3qajah283694ju2,179
pxuv8l5z8hslh8c9hhgyvwkfxce8g9wy82,Owner_70,Medium,8,463.63,infu79s2keu98areb6hpgk50r8iboeeomg,mfdp3a9fpetqgnntygruease76b7lzi2cq,794
qecsvnwt7kg33hprfo6zoqt6yk7o2pycq8,Owner_71,Low,56,2763.21,3yy0i8agdoohz9xx1rna1z3dl54ikoywzw,irxx5pg0akjsycdxipnd3kxb31mwtsbvnr,42
ahdz4frha4f84o3wh2hzul7q4z7mtwg1kc,Owner_72,High,62,5727.42,48np6mm228u81za3tfsdx13fza299w5rdk,58f4kzzn21n4mh67rr2y4zthqi8vdglhvc,620
jxcgo21fe21q60eby0naqnfgwvsc2b455x,Owner_73,Low,25,7811.14,pyvmjp479vu7d1twpojq26kc73xmyauje9,fw6susqsyew4x15gxk2o7sfqzg5qjm3ov5,400
8qn90zq86wnnstmwfx4mknoy1mp62pv0tg,Owner_74,High,41,1491.2,kdzs5l6t7xmiw7r4zot2vphswgurhv59c3,2g59600hh44b67bxvodpftbot8x35y8oxu,947
t9vottgnhvpp7q16kavu86ovvwrwojgxjp,Owner_75,Medium,83,6613.93,akxkhyj6usrkdymtvu188qh174pivg8zlu,glylu4fhy03v8pmvhb0c3pqtg1af7lva99,429
10tr188huvocbaz4bgwtwjacurjmmxvudc,Owner_76,Low,69,3868.16,wvjujo8qg9si1e0ejezro9pob1y1e3qckk,otkht08cgmmiqnhb5fv6vv1ciatnbtcn8k,932
tu896pu65zxkmsr4odmw8ijgr8cloj2jwq,Owner_77,Low,76,4859.31,kssd398x65fwl0k4ri1dtdpde958gvoevv,nuwpdi4obvmds0l9p1djl0b6usnbj2stwo,663
636bea1mq8fd1pca9qj20x2dcniy49ixvi,Owner_78,High,11,3821.71,iwlvlud430jsnyygfcbyjh5u0ljmhzzrta,3u3cy66nsumhn5ohqf68p3x7id8f6vkpla,574
y8aylgqxkm9y9sko5gdz0pl1m9pmhmbmuu,Owner_79,Medium,58,5756.84,f0fxcuvxh1anoyamfcy13symn5n4nc4xzk,gqx5u856imww00zq1m1rem5crtevygrj74,374
goyvctp35ud444ut7y3i271vof5tkikept,Owner_80,Medium,89,540.27,ecfnmkgqt2hdlqsny3b2ydhzul2xtgt7la,e3f9m95s6sv2ylx9kll02cpv3wbaui6d0g,228
j0mbso20r99eecl7fysmhavf56xm8ppp4f,Owner_81,High,49,1503.42,sveluvx6o3om03zujem5kar7zkjhcxircj,adsi27wj9ryb5tps48gyhk14ez57bx92o7,484
q80iuneg3bxxoq8z7984wppln6mi1g2nsi,Owner_82,High,27,8923.0,rbjs5n0ofs7xyecgpvjc0s0ob2b1v9fkrz,cvainj3fxm9njuxgg41j3a7hq4ko4ial7i,481
0lgtd289bske6y5wy4o0z9zvo7evo4gw9g,Owner_83,High,43,3961.35,xibq4spuq0pp80kczcmhffgv4wpvwm6tt8,anunuzmeb64465gcacps393lc79f1bua4a,213
9rcrrewi8ebjscxb9shb8qutotzlu1z8f6,Owner_84,Medium,39,9409.33,hcu4gchg8j87gmde4vi27jsqud9bemkk5y,ta0m4im89m5er6zruqz2u6tj3cq8dzp6vf,86
3c94mahfajv0zenbk8x6d6zqitajwi2jvq,Owner_85,Medium,63,6279.52,8cxeabpdddqmnn30pvph3y6s0a5p2y966a,8t89uj5tksmg02mjik8n7gn7v4q99c1lih,621
1cf9g9xq8opmpk0h1g0fds6ehg2lzzqsil,Owner_86,Low,3,2612.85,0yb5w2zay6hdqylkb6najay5o0oqt8fg8c,134ll98tigugl8cb3xwlw1cez56c8pu49m,560
bz03n7dfz2i4p0csi2odivsqwt25riaaop,Owner_87,Medium,46,8689.17,95v4bz88nfl7q4jt1unlqhg2a4a2qcv01h,ikccx03lbp1s1lsoma8fz4yes0yuofg1yn,821
hcjbd6gtf0ua75xd6vb8fscu4z8u6bbl0n,Owner_88,Medium,13,8462.31,2imsfl148vdcga9mlumm2c7ephaf52os4d,rqv1lzqdg0z4xrfk3f6ugygtrtzfysfd3f,723
8eo3q8t7z0imt8plb923juaumeerpg1nbp,Owner_89,High,21,1265.88,foaearxd13kgq3dti83oydneaco3owdf01,k7gmvcigv2vbtnfanzcsyno96ho5m3n93j,955
6tuqvf9y5dzndx6c8c3ifyms1e2j5bm9hw,Owner_90,High,90,2231.86,00axvgz8t0yigbxgmcefcasfoxkxi4qblw,ef1cdhq1r32kc0k31f51kk5d9mgnkdmds5,820
nbr0l3fntrlo6qwqoptonu1pu0o8iwplen,Owner_91,High,14,8856.04,yhc4f7za3j902bwyqkn59ekz0ttv30r8vm,7b8xhx08cg3evuz5ep3i1l6jnbkjxr717v,342
rsuwfgsahjjfglsvji62sl77eqg69w5zxh,Owner_92,Low,13,7241.52,u4xizwuoce7k09j96s7v65d218qiuxkl15,h89u6mw5wq03c31zytpmo8tqi44aa720m2,641
ficjs94hvnlt6xry4xc3pj35g031krwrcq,Owner_93,High,62,7891.99,09inzdwsnvk6eqct9rgazg8hrfrz0afflw,q6zjaw3e72oqgdoxh5ngps6psl828dwuqo,413
6hkzaald8ijee2joke11prv426qi9as6uc,Owner_94,High,28,8298.24,4f0x6clkt4yeanwseo3bur3rz8d82e0hxa,cjq4kb1qbgkzivcsiepqrv7g6cvy41mydr,931
rez21jxyt4qarpxke50mwxu5avd418iazq,Owner_95,Medium,48,2013.35,363igsthzbc0iharrtopshb7gdrrfe3ekn,2nt2vel8hrtr8y9spffckuj14bduggxdqv,910
s2tmmnq7bcqvcltqrqz7e63kq9xcjq8p8c,Owner_96,High,48,9760.8,tlrgvav66dn270s60v426zrx6q15aoq5uc,i5j1uxdd78amcpuiz6qrz7rkj96nw255bd,209
j3z3pm1l5f2td21difwyawoil93xup14j5,Owner_97,Medium,32,2267.9,pls7rbzacf0ojew3ge0zto2idbvs28m0ye,s8ssao0wy0slwce7299pgd8ays7cs3dcua,551
13v859ndhwwgz9n78p8irt2kuetgoa05v5,Owner_98,Medium,29,4387.73,qnlbx99zrvme6gbtc3sozo4yjnpc2jg3kb,6cs7nsfw11v2vkp626dse7yrkulvipz13b,396
v6o9s2hp12wz9xy33ycp7k0805l7nouzy3,Owner_99,Low,88,2587.74,kizu79rcfrnlhtcemv993o3pk6k4k13nyq,zq69am93xqb20j01nrsxpvajlnlmc2krml,207
a4uqeod215p6kavx8sdptiay91xactztfi,Owner_100,Medium,79,9980.1,blrelv5ixkmultfud84cia1r2lte9qthls,pdk6l8su7j86hvnpgqa79jdkvx1icwdcht,381
3kv2japamdrcm58x9qoqlklzhz1kxm8ajt,Owner_101,High,17,262.25,g872raq9g8wl9z4gv6pm6jlqfvgw9eehox,zlsgvfj6sxse3zx1wliuvg6bjpbgi5b3ys,680
d9ms1e0nsbh521h7commx31ktpm6vfmwru,Owner_102,High,41,851.89,ckllmd09w0eibalqxvugqwl3aueko4b3gf,4ch94u87519jopv28e0x9787rszcv8jvji,792
z9guasbc22h747zoiu7i2h3y6p1jrc6vxc,Owner_103,Low,79,6949.45,s5qxdye08wz2a3zcuekq8ljml8i4hcdz80,yakn4pwfkj6iq8qinpd3gt855i5tma1vx6,725
6mdq8pqylpd5l4j6wl5q2jj428u2c3wwv9,Owner_104,Low,97,234.47,7v2mwi99vak0w6dqdqxw9v0dta3uhuk0cp,1hnm3itp5f02pwslyt0v1hfm7z9w2wsquf,412
e56cokwx4i9zls5vs40nzdpe3cvb1n6hy3,Owner_105,Low,57,4663.73,d7owpt478ou1ql1sxcgczj6kofyhxbrztx,8tsqftktqegasz80jxam31t6kf3ah8wr9w,770
5fx2i1fmv4ngz8w0btuiawhrjvtx7q9778,Owner_106,High,97,8001.72,wkrm1jjr5vlgox18r7qglpmx5fe3qmfw2w,gumu5fsjxh4y7z0lulcq7sg10f7iev0poh,678
xyyvvp5fk67fmui21w9iwpzdgj51yb1jhq,Owner_107,High,85,6169.44,xbwy638bfaapfkjcjsholdarbyhw9smmmm,umd32yqxmilh11nhyq1qb6igs3wf956sti,931
dcjdmfb3igdu9jfmf5xlr2e9d94iyhrhxs,Owner_108,Medium,15,3003.58,cy1di0hwk4ozl89m40yssmidqks1swjdzv,yx4m9dvnetfxx2utsirja0geimcwatqahu,371
7ix4osd86batnsoquep3bspss6bwjovnbo,Owner_109,Medium,21,5043.22,85ejvryck4c2ae3fsnunpmo6j7fxc1oumm,hsto48lha50xlsun6qf13lgalre8a39w5w,903
xmsizfwlkgkpd8eagd27lfbh96eg580wlk,Owner_110,Low,81,6878.68,uzc9pmbj4xbm3puhu5cmaunc57tdntfr54,5nxelwdu6s7i3njn0u9h4ar0tsqc299oo2,660
rfe7sbu2xe1h1m4fde7oab3j5z1xiyky21,Owner_111,High,60,3705.32,env6872qj2a8stywf7kibyqa4ad63p8adl,y9x9nqt9318e6o60qkwm6l32o4j6zb0sf2,970
i1pk4dn4m590wyekyhmz9mstk9tczn1h0a,Owner_112,High,10,1997.28,limdm66y05tfbr3s4i1fhqnavjfigfz6ak,gf1fmmrcojvlx866tlyk9y9pnn2y4eneav,608
60qjafq6iloygr46ei2h0p9udk6jwbv5j8,Owner_113,High,28,8726.2,dczs3pexdnqh0wna49cqyy3741ofaolm55,eoy7b7z2syy9vgfadbfrb0bj724598e9am,431
ib8rdr3441lkulur8v90dkfzl52wcg42cy,Owner_114,Low,67,6248.41,88yhgzo2pp39j1a35ln7aneeysiq9hmv8k,s5xbblnm6buuj8o8sy88awe50g97k65dqy,713
v15xob1qzfdwds1le6rzchshou1amn4945,Owner_115,Low,37,2569.54,2p1fdqqtrj0v6gwe4s6y7un77ydgus5iwa,iuxyyao1gu5kr5op49sllh0r2lq7b08ngy,774
f63f8qchysgjlur4mqf43mqg6rzj8tysel,Owner_116,Medium,63,9608.57,50wybdemdqfezpeshqcb1rmg7q8bpeofg7,3ehuqzr2qsdd53873nhpffdz1ff6o9f434,967
8zfgn69jxn06rur0xo040f57ne0ezr0gn2,Owner_117,Medium,79,4885.94,w42z2dyqi4c8yu693ustmfc4jxd69lo39e,oxbw5i76tkmzymyuq1clsaldtlhtwdd68w,688
xbesz2o0afr2zc4bzipupi8siuc29nr44p,Owner_118,Low,20,5880.26,xqctvqck6shttwcem7wx2qkrgmnzdrdke4,g7gu0xnf8pz7ipe5c9c35wxwnwzsnx0fdh,891
y4qdbd3079wengulvifd06lhw4glyx0p29,Owner_119,High,27,804.42,tz7l0x2fosuao5sjai0ujrenp431ubu46e,ewvwk2q1t0jqq01r6nkb7bq7efnqfje72x,218
n3boxp77vvzdfgmtm4qjstdiaxnjjsgjg7,Owner_120,Medium,25,3000.05,tj7dmuj3i362q3o6q2vic4ixjtky07y7e0,8mpzj3ejs8lo31idinuo10kmwec936fwyf,406
44mubhtx5m86t2ky0lu6vu58ay8bpmbrzr,Owner_121,High,8,4127.53,rgcnvhfg64z6hoj5kbpil5gzjqa52ihr7g,k2zx91znmqo7qfvgfnonyn05puvz7kjru4,14
xt607x558787n1ukxum8jdswfnrgh1qzns,Owner_122,Low,91,7034.75,owsdqejl59tvtyp24hjing1gy7w03f3van,g1wfqwdn6py43s465ke4s7cenjogayfsa3,731
mtujj49p1pbe5fnqr8mbm2smr3ks1537wd,Owner_123,High,5,7928.38,lalcaq6si59z3gudac2hi69q7a67prp0i3,m1c1qy1b7sxz1h4p6midhe1m5h6lbll4qk,953
lm7nqmyf0335yepqt2ehngqmy40wbr62i3,Owner_124,High,98,8230.99,m7q769nzchdb9j3xagwrdo9egy9bqnn1sy,vgk9enoczd1an9vhmbr1uhmnt5lujkx3yw,139
nu3r85sn0pmvhbvor716h4dv1qwavea2xv,Owner_125,High,65,5448.01,8fa713qf0kzdsrvolf8ndyyc5hysy34ywv,8tzdk89czvequvgq0y7rgof7j256tma2k8,826
v8pa6lqkskr5emuab0c5cefoyxwo8q7pcg,Owner_126,High,25,1389.17,71rvzko579wg0rjhf5ua7wexowlmgg21nl,t9sjn8s0d0fty8jk885quonyrl127nyeg5,191
wwbu3pyyolyzrte2zww9a3jnh7euv1k449,Owner_127,Low,92,7535.84,tzbkno3jkhe422ij4f32mdie36ussafexm,dpi36mj1l9bsnxadgwe43obie1b7awdur1,179
6ykj17vqaaavnpvlwzwkfteuyxui68udgj,Owner_128,Medium,32,9228.18,1apnipkh1whaj7zi2rmzgk79ca3hod1biy,z94vsfm08pw2zy50n7jlg8wiw3sa9psj01,687
o7h99e6qgrfk6hsw41unafffm1znlucnzj,Owner_129,Low,11,6985.18,cr3kje9iyw02qnvovrwl5p4v07h3wcvyjv,u83aekbqhrlmzpq92muzq7xvxxrmc5gg3y,650
bp9hjga2ko9vmv4ke63u8akbjlzuls37zy,Owner_130,High,7,7907.62,xge602rm6ojgb498w4ty854egsjn6gad5l,tmrbhcpenci6e412rbwr34daobfnc6rbna,57
k5iwk0umyywr5syziuazaktqkwg4f8fa6c,Owner_131,Low,6,4724.78,pjkigh4pq8flcktw35gghc147vecz1mbhn,okw56910qz0i1h4vj3ow0fsauuzkgnzsm9,898
5s69rb7wrl0smau9hc2dytjqdnc9rhmtd7,Owner_132,High,44,6835.43,7jaw7k3t0ztbl026ynu3gn8qphssq7wzs9,vgieymto45gwcteze538etcrpakqhz746t,341
4f5ab4jjxrrsxlkaxxfhcnzpjva1wotuox,Owner_133,High,17,7369.56,0619uw6sbkvvduc1cq52yz0ce2o60zfrd3,b1ynq4l9dr9ainlotirkx5f9u9qext0num,964
2o69zar3x5s8fy1u59wibbesc4ivc494xy,Owner_134,Low,27,9502.58,nrry2thdvh95g0dszx6fyhtqvwbosynkz5,4d7c5o0q9hh3plswj911whj9faokwjel93,505
fx6miy4jow5dmhblhj01wpug6m2bv6ik4c,Owner_135,High,41,872.26,fr104tzgv0gsv7msi927t056v1k3cve1of,0haq2kjq881h4q53f8y5j0h1u6x2dxldfd,480
n7w4cfxnxd0ef4wy5yds18ulv5djaihtc8,Owner_136,High,77,5543.48,kgnyi0uzud5lq5ltdod2k6e6pk6lpcl8uo,9ig9u4a9krigmiu4fqzv2jwyh0k7bd99wo,284
wfdocnv51113mdwp412re79a10um6nef83,Owner_137,Medium,40,1977.14,rm3nec6paab4pdwwms8gzkz79rxxqn5icy,umilbxyy7abgliapup46fd2kf8pu4blna3,808
132d3w0dd6mfhpn4z4zpu6uiae7wzqa754,Owner_138,Low,36,8126.61,1s5emwzmh16ylologeyg4zqqs6domxrukb,h04gzod1ujn6bfmbvwbcm4vpo3w3wpz7dj,940
zcqgma2vzdwpqwl3lxuw8kobbaqddnnntg,Owner_139,High,96,182.43,y85pkk2ehrlv0e0mmmok9o0xff6fdaaq98,d212qfyekvukaj5u3tdd9cwgmzn1ldva1k,982
ujn3ojeqtvfeet6y2cadttrah1m2zf1rvq,Owner_140,High,80,4523.87,teohwxvfjlgjlpxkn35y75gsglulo1vfbi,b9xpjaaw1d7ypoqm42xdtlcq67en44u6el,121
q22gftkjjpcxnxereakfx4ole97jg0ot1h,Owner_141,High,53,4939.7,9sohb9wk9uencier00v7lmxxf99rj1dwrs,sdn5cw45qaw8fk6nkto5f1mp5qgi59f7ea,877
4y0c3fc1csckoqefan77onkjgzlpkdc32c,Owner_142,Medium,65,9612.13,ouv2i1f2m265hk5yphmpctnz2lrt0ph41f,nrsibfs4zmsx3habwk7bgvptz6qfrrhcea,677
6rps9i7adhetr5spgvintdy3nld2741vgo,Owner_143,Low,100,9876.77,xbp0stks14sgo74bulvzsejetu3l59s3ka,q2ukcqt67ih5s13qf8cbrm8cl5i61h38jg,325
anfcqidl753q9y0zizf77uz2tsxpedsdb9,Owner_144,Low,97,3189.5,28fyutqn25m93xt1wox42fybxipg1fjav4,l0o9r3rbvc6i0irdmofwhbzgq9g4b1tbc6,153
o23yr9erfxxazfutkmzbc663fd3c94limz,Owner_145,Medium,77,8405.16,tkyexqjyat42oqxoi0vzdl42pk7fhtwa7c,nuhae3xk8lrwmpdg9qxxgeozocgxb3rh8s,530
xb339ioaju8vwzq47672y96d8cb0q9dfoj,Owner_146,High,63,7685.82,5j0yizv8nlepcsicay4sygesxl98ighvkg,qqn50yarybezorhunvps6ixq795lbpsplj,30
uyllsaxulfx2cpb9csihsgt0pqg54vsa8s,Owner_147,High,15,9643.67,sde93dp45cjtrerlxll00oqeh30q822dte,n1tuxt6mi93ucj752lnkt7wnp261dcibuf,181
ywu0ufz2zjopo7y9bnnvn2ewfkz5onup8j,Owner_148,Low,73,2054.84,t2ooh5yfpa22jweezjlt9na5l9hda8hqaj,dcmajmj096htg1pp69mnhzwgkh75cxw6xs,801
zk6ns1xdodcu75p7rpbe4ws1vqwj54ugy7,Owner_149,Medium,31,1371.14,pqotggmfjzd1ors1r6n7wmt8978lgde2y4,eai0ztsjz7tlxyg63g84lrb4091j59uut9,79
xg9l6giqt5zfdsdb0biyfa4hamhkhfcy3q,Owner_150,Medium,80,3785.75,qjy8ioz0bso1p613t1gx025f2dt311lt84,auh7kkcdhriy8wbzpeexxjwzwc9zngad3d,441
58pba91hp5rthxhl2g4e2lsnszldqzfrxj,Owner_151,Low,53,5974.32,1qvyyk88cn0kawh17wnh85ce4fnilt5l17,63bd3ublzjmek78fv9au38tzb6yd3x1qgj,618
4kizwq84397jg878ufqp3bssq8maaon6zf,Owner_152,Low,74,1051.1,5fohi2sbebg9e1ea4lrbjefqpvii4z9u2t,fnbrf2u7tgzher7tl0a4kwb9gbb761vfsc,566
y1hx5ecfg5ux2sdkce4uocxstknpnynloi,Owner_153,Medium,72,8603.97,4nwk0hbcyjd9i4ptmzeu6y34hl85acgt1i,dkm6jcd69y0lheunlsq2ts1eidf8ns6jj7,462
2q3o72bnnab5xsm8ki93z61obc2giv65cx,Owner_154,Low,3,1763.37,64rvkd6i5o6djx68zyda15592lz9ojnu3p,a98qidqltb3jt6flimnfrxgjly1gdbpod5,193
t7kgem5p2u3u57m837bw0nkwenc5123jmt,Owner_155,Low,52,1255.75,z22hd9rwknqcqvbrn7i5qmxx0mc1g6xx8t,ywyg7jpa8jo6myocckvjljlo7r66ttyqub,823
ot3dl7ncwzicqpvje0o414tldh76qpaspg,Owner_156,Medium,61,9968.06,fr8sywyijem8ejyrv7izy9136079b8e5k3,ku6g3z58lnqwl9rknkkkq4jf83dhfsyapr,621
i1hgyi0bfeki57pcviqryt10lodch2i0x5,Owner_157,High,28,4939.35,5sdzwlayt1prhxrqwgkfh1jt1skx3txp66,tarkifh7o8la45nr4qvkdeswkreay7njb1,382
2k4sjt6ywfbzosj0gux0a6pf3xgtuhye87,Owner_158,Low,65,8615.35,wtwg4rzvjsiee4b3sy7w9zordhbg2xpsn7,6ejv0v19j39pgnxzw446lat8bbmgh5x85g,427
odgewett0tkrrk8iwux49ra2ymi7i71odu,Owner_159,High,91,2544.15,nosncrdly8gqt6x75ph7006cqq5c49clv3,hf0j067b9i782dkwurt2ksosy2li8xrr5r,647
mg7xnpidd42aj79nwtyb6557d71jic3i1t,Owner_160,High,96,4835.96,2tyrjlx9bmyrwv333nz4w5ruhiyp3tvk6m,iuaygqt1b3gjx5icl327uu2rp26ujx4wzl,250
xh2eo87g0khcv0jj3l9web5q9z06rr2ixd,Owner_161,High,55,2275.37,8q7h5gywbfdhukaqgdem7p30dr0r7lxisu,8b7zz92acohrn19r5afgfudvj38r1tcy4g,847
vsw4bqfclreja6eh246jf2se9u262wi7r6,Owner_162,High,38,3852.68,5ilovzrkygvfo3jk1g8bj0ch6t85cp101k,ucwpmmkfidwb0dmdhlj0ebuxvsav4277vm,91
kafwbtbjw3p8ykezraqovr0ongy0odeiym,Owner_163,Low,53,47.12,mg1bvdn12ab5ovf210j3b36v5g8eq1qdup,c4bfhj3vb4d73bn7l1qk8p3om7uwciiynm,118
ozgw5miqob2nt8f7d6o4oun0i097cipied,Owner_164,Low,63,3560.5,bqo8ozlfhnwn4vtw9w71mcrwgtzfyjbnby,vgu9lt4vok2p29xt32k8ir5swipd5eq8tg,727
uvu5fcso4qxdi41h6h332pyu3xxp7y3tog,Owner_165,High,76,3071.39,h6wswj603y1m9iurdu9g2t7he286txuy3k,tybsak2nydahlpipe5lqy0xlm6quc09il3,410
sugtk9vn100rewlpe7p4c4ptawp74z3pwa,Owner_166,Medium,31,2347.7,ts23o5kbbc4nlmgsjuu86lxfv1xzjqfgl2,iq8i5jame7xtw9okj356h619vbc4bfgdg8,254
ntli304e45cs0ll27hf7b50ajpogqhurfw,Owner_167,Medium,96,9982.72,i99p1wd0og8gjnikvtz9o9vpa7glfro4wl,gg39sjef3idm66jxyw88tn7qh3ggwk470x,583
6hy29oqikwqfgz8c1298ibs8kwyo1ly669,Owner_168,Medium,16,5595.77,gk4n567fa71e8o8yh31l6zsb9pyahg0iec,bl6la6wkqfcmis5atg50tiknozmxqy1rnh,909
hqgffd2kasj1fku6oxsza0gwgrzh5m6gxl,Owner_169,Low,27,6357.55,iqahm91y126g7igmpmey03j8hybadfev8h,b2qa5m7qtxed7v2u696j75q86nzqe39m29,648
4d740xgc08inh7am235pd6fi1ut59no0si,Owner_170,Medium,2,3415.79,tzmd6tyuk4wogtm16ls743p95931pu2x6c,mgzsueugadt4ls7q1hrmlg2eqwfgw8shb5,798
bsy11lzro6jhaz96jlwrv1vi2gakzzq4s2,Owner_171,Low,10,534.36,ja16rn7whu30l1muo8u0faoriw0karn9c8,6dmn7rx946j8p3499kkjwzq4yc6oftsde1,395
pqauvml4bo6w3wj32krp31551b57t1iuba,Owner_172,Medium,70,5715.04,kwr5p3g6bagamar3tq3brms955419g91vy,wp3ndewieha7cb7w5xhyqrugmxnfii1cqs,370
1usk6cd5ojnrthj6k49it4ifiejzil5by1,Owner_173,High,25,67.47,3ctupkfcwvbt823qlao0k900covrhytaxf,hlwdxqkezmoct1pqaz0prwrpqfczb68f7d,863
2oabnvsvjypbityity16beepzaysy4eixx,Owner_174,High,34,8267.49,3u5y3g2dvlxrkkmh8xem2fiiun6e8j1pbi,0p0kuifdht94o87pvck9qmrnzedw3cx133,926
9q0rf36r1mwrxlwl66luvh9a7oowo2i254,Owner_175,High,11,5050.22,yo0nay72dtktw4x9zqb5w8fzm1oxq4obd5,1w94nuzfzi83m3j790bu5rs47cnc8w5ajb,535
h3pgwhz70up4rz4p8d5gpp0umzeio56g6x,Owner_176,High,11,4762.51,bgw6v39mivui0po7yyx02xhmu74m6uci55,eirpf08dhtl04jiqedeuxa0xweyk26b3i8,682
jo2zigmtd2rnoxju35hebdyow67vys6s7x,Owner_177,High,6,2484.13,82vmr94hxngf9rfi7d2gpqii2p3xr6vavl,yj73i11m214rtw22hegu8s3q3hdmsxfvzy,311
hpzrez6wxv77cp1r0pp7dbudh6sjnfp21z,Owner_178,Low,29,4628.73,47fezxmkgqdldvwj04g9tiywh4rrpbyzvv,dscocfdeyza8t0bpy59zohnbv2gnddo8aj,782
a3v2ms3wtfngb8syg8oda4zee99eagbo6v,Owner_179,High,98,4742.58,6eh5se8q3qjrsqzkbg6vl6yw66wqg8ujwk,0sk3vgjm7ytmhr1zs79gt9di2ig551tdm0,225
pwjioep2dqcy0aranw8ty5ev8a86j3jji3,Owner_180,Medium,1,3905.31,6dc467omy24shno37uhmwyqyo45yryuq8l,8ir2y7j2fdgakaa2fwnwqqffhf2p84y7io,309
kj84u9rq22qtotb58nrk2ks122rf8fzls2,Owner_181,High,65,6268.29,h4d72ju25x8tf0xio917t7hs7w8mqgje2b,vqs4k1u8fhjdo3dczor8455mcpk6o5erms,235
fbtgyunxb6zu81ciduza0miszv50nzraii,Owner_182,Medium,55,4827.32,rq7u6w7jutlec063x5uajgvdjowz5o5nfd,5xjk8gwq1yz03rxb85p5jklmhdkjpu02as,599
rzh94b4fz6j4ypam3uzz6rxyk249tk9j2a,Owner_183,Medium,27,3809.94,gdevul60g58bbay54gzr39de2bmgllunjx,36cm00l3ilhb4g88l2lis7vqtjom6130hx,415
02x8fsyc1nyoxsl9ob72key06928h8n7s5,Owner_184,Medium,12,2473.74,4l4g7dgqukcjq3e77gjjgies2d7b6ej6hv,7x0h29saomuci3j099hide4s5bdyap02y3,970
x10qjielmry6qnhwf04ofknglx0fjg5v3d,Owner_185,Low,51,6820.24,axjvvoado59muy5cm15csgccv5d7qxbxos,z86q6qjr3p7rq6kj5y8zjyjum33di8bbet,565
dsv3yvuyvrr80hdfl67qcwouz1pcsti8ns,Owner_186,Medium,81,5357.45,8cls87gqxsyvo10ot945w5fdwf9t91kdyg,zzmt6dye27sq0mhj3s90g2th6h0awaijqi,995
z62s24j5wi9b49ylvw40hb49esfkil4yut,Owner_187,Medium,66,5254.74,hz5ffqlpm29fd0xynruatn95z6z137vrxq,4bklxp26ssdr11ecgj1gzw0x7himrvn6y6,781
fk3iujy1bowxijlgacr1q0zeqlrelojt1d,Owner_188,Medium,62,8081.52,keu33jfaglbhbsomtzi3kxwyhdd416gzi1,aj9s11innrp17iku5qzfxg1rux8esjikhz,470
1hgxob1h1momh00vfqsfbbyulyichvz39p,Owner_189,High,74,9082.49,rb50xq1mlzkepjo80dtfvsvqlam596mxox,taydjs13cyl2b8tiunckv99nli32ukquj2,451
2o6rfrbq753dui3wbbovck6xuvx6ngdj7u,Owner_190,High,96,449.15,mldzt08wy7m47kmfwvpvp9wjay9vie8xhh,s0ci7oulhi4myl39cxabfx55vy67a3el95,367
wd4rempifbe3rt3n6d8nixbroqhl9lfvpn,Owner_191,High,12,4611.1,s8yuc42wwdqygopif65s8xahiyxloz55rr,jgokp966c2qo19mtf0wpbsrv15lw2goy2p,885
nqra9jrjxi59e489ec18ni3un3z96ymqyp,Owner_192,Low,62,7784.86,ic2ohct6qt3npgpd9l2prbajkapednom8o,gsg4mg6e6xcdu8j6y7kkvdgiielmau862i,992
wv46hypt78nz8yunk01vokib8oiw9h21ti,Owner_193,Low,61,526.39,03moji7t8w0se309vghpmlhl8qitkaler2,m12m4698id2qa7vf1mfo2niei7df7d7d2u,715
ela7no92rp1t5f5sjhiqhjtdjqbnvs3bv9,Owner_194,Medium,24,3557.0,98csx4viy1is4z50ti7qb0tbz12rb52qa2,w7h4galmcspuse6f1xw0n4maomiavoa1pa,91
k1sp4vxac0vcfn8khcpfsj6f9z87iuvbm7,Owner_195,High,25,13.77,qqy7dtk5qb9ux7h47eeekpd9isdl039mqc,mbl9wi8h1l5frc35d7d5ujpolr12kapfsa,312
h0cr7bdnskprymu0zal53vyes4czt5iben,Owner_196,Low,85,1547.61,0jllzycovipju3zgdz58la8omjk1awrhyl,dy6nwpkudoase3kgk8fxa9nl80reyx5ekl,876
cln58i77gnnelu5rnchmnzilr7ujkgikob,Owner_197,Low,11,544.09,jnl5mrtk145b95hdlnkbj3ohk9dgui7khe,xkel8usb2uf7kzpygxyh21mc2205ybc5w7,953
0cu7lc2jony7z172r5ppeyiyiotiaxafhy,Owner_198,Medium,97,7061.28,of1m02dbugvcop62nmqvq6quw4g63who3q,b31rxrwaocvo714ywl0j2c2getgp7rv190,470
pvxobqk90u6b7pmcw6wbsiy4969ti54d6e,Owner_199,Low,87,4158.19,msf7xhwq4ab02t7pxw380krmiwel8rb2uu,ts2rmeth8klm1aomq2b92meqc7goyw27sj,740
nfaypzujputp5v6dj962q6fpwtkpax30xz,Owner_200,Low,20,3455.26,v1nx7w05nt6k5jzaamk7bwuvgddtl7sygz,n9b3g3aoxrllcefdvnqxplye3p1xaz3n0d,597
vvagn6dxhha6gcavc4hw63ulyh6almmfeg,Owner_201,Low,98,8472.11,lmy0tk97zvtcojrrcb29gk3i38wqmow2me,nwszge2aho9vi1ukyiccvzpq42vtxb09q1,384
1hpq17maqfzjznugy449v41urcc9pmynzo,Owner_202,Medium,6,5494.03,vmwim625kcc2v74n13tfz4iy3o0l3st2k3,5dfr2w4gdcuf1bxo8mpfefnv6owwm7ehlo,52
2y556u0ykeqqbyn1v4d3l4yqeywy6zzqc3,Owner_203,Medium,16,2425.47,6fir9miuqpegdyl9lu65vx724l9enw36tw,aun78zjc5ubzq42mbhc4suan9m1ga6zqkx,954
60d79khzajbei8j23qutqqel90vxzcsal9,Owner_204,Medium,58,169.44,b7q78xxy4cli87czynubze21tfa0wn34v6,l3tr9m8t5iochnq4lipjtqxyz3941adh7q,200
v46sxvduxr26hwzf45crmnwkdbj5o9z4f7,Owner_205,Low,87,7845.99,18yntlmemr1xvzorkb522tkui35sxs30vu,nzerayrtuviqud7an7cpm7n4eijfd28bul,471
ast7hy1ka3wc0j6cgr4o20u7oowv09f8b7,Owner_206,Low,76,9833.6,z1mm18tix3ca7ax8adyk3syuz259xl6wvw,qdofemtdhxx4xi4i05xy5f8ob3ts1r90p6,410
d6bx5lyyxlnkgenqfgr935leqb7a8eufen,Owner_207,Low,40,7251.79,l51ethp476fn86el8cm8jcrfmmyiyfksg1,k7qaxpmujwm5jxzc8s18ivrsujqzq40033,246
yowttyafjsru1lf6edapnraoho9jexflmc,Owner_208,Low,27,7139.32,wdxyl84d68s0xefudb23a60jx0ddtgr62b,zg54e8up0ddilxo7iwotpdcj9jb7vz1iq2,597
i2ul31fdqwvkyqboonjnesue777jvw4nyn,Owner_209,Low,53,7367.66,pnczt2524uk095bc9tk9nsp1bd5b8vg84a,v6bnmgy13ewnh0z9tmyu5eazbkpuojby60,108
vv3shamq7efnapp13n575cij4xtqw51d92,Owner_210,High,52,6200.48,dxtnj25glnguxsn7tdco17on8xmg663fbl,n14zhe8iy2nvyec6htcpaw3em5wfqkjapp,328
5stj6zdp7ndnhjst66jlsv9ptxmk0gj2vw,Owner_211,High,28,7240.82,rkfxdfsgnz0ezidsdz6cpa8cwtcbza6188,mzxgfsaav1a0clkxdw4elte4z635i7p3gm,433
jloa57fkl82y9n698nvcg8x2c0ybjz9q28,Owner_212,High,28,2437.82,3wxps1zz6chptzs4rxcuzn32wortuklqbp,fnr4k7mn2xzzwic68l432r2cxxp0pm49zy,634
dxief6s4kjf0ybd48frsxyd9dd5bel1bgb,Owner_213,Low,72,7137.59,cycwr6zyf9iy0tkj05nhzo6wcql63tenrz,nap05moohxntcb4fu8y6or3w5y4e3wg8i3,896
y1k5voqsk0aajgsleh6uowuay0mykifwr6,Owner_214,Low,46,9992.4,mazb2e2200gkqqev7wcoeytsqyonqhhhap,rzqv4lmj4oj2s3rlc0iyy36h667ba9qpv6,1000
2h0xlgunvattmmy2gt8ecbkg21c9ds9sj4,Owner_215,Medium,20,9257.37,69emj48f3tyhq8jhfwfwawkh632zfev8tc,ogicai26pgnpcjbzu52fax8bgs55ut72p7,370
00irwruu7vkdv33d8jyap6y81e2l2l5dg3,Owner_216,Medium,96,3692.36,a9e2kinm2g18em7dbrgtl1osv58do4p5n3,rcsh9d2vx62m019mgrtkylv8kze0zto7a4,247
8s61cpgtc5inedpp6kozzjijuwe7ngflsq,Owner_217,Low,7,519.17,c0d00i7td6ymshui7plsdb6tyndmuo5gc9,6ajt0lpymb8gla0gq7a6r8uw1olelk7i2g,167
4sespcp7mncj3lot2n609v4b6yl1l7lviy,Owner_218,Low,70,1818.85,09mhpusq3s5p8jfnn3mvk8nxkkdo1j0zk4,xxrb2ctloevc68zma61xy00lh0itm2im8i,27
g0njdv9lab5wiujydnm49inbl8ugkvp8yr,Owner_219,Medium,77,2912.77,zhsgp1prtzjgfyeh8qntrtn76dp1n8posm,mkmbp48wxxvv36nfzdd4wtc97dd0uj5jnq,542
ghwsop1v2jsu2h3v5gmn79r7qrmt32gv2a,Owner_220,Medium,85,2121.78,y0hyeugc095oxcjs3epy3z12nbrnkore99,quf7w3wodvczicm69jqzdvt3mtn3qk8ogf,743
4bhnx3kcfs1pj6sngg497xi11ue7dkxg3v,Owner_221,High,89,5894.42,9u8xwq8763mdf17l8tv9hmke9g19zqe7zz,skojb0mjqa1arcx31yry9pvq2m23gxt2f5,38
zsmaufvouv6e3k3o7a8l48niuly9i8e51o,Owner_222,Medium,34,8601.43,2wd6jyhxzty42h1e2pd4yaqzygn83ov6wa,a6a3eqt9nlcm0lzqhgl3b3dv3ga0mszgn7,499
5wy2o1vuk1jk7i69yvsd0pzz04ggno40s1,Owner_223,High,95,7392.32,2b4256c98k9mc8ouvcp996ujy8i806xom9,gg659tcs8an2smeh6fv68urflzvpzktjib,928
p4tg2u4gxsmrpk1npv96g9cwds2xmhx7qi,Owner_224,Low,33,7781.28,8k5sy0gg57ly9mldlqqtjvbyhr17hqnt2f,zbvdtuvd4o71com9br7vofqvpzo6cykhtr,914
f5ws7l6o2esfaba67pwhsev2kpqko3dqty,Owner_225,High,62,5690.69,p1g2w3zv79jlckylcasvy53r2yl68eizgd,zuq42ad3aknnxudfjli4zj87ob5a4xd7sk,775
8icixwtsoe8n9gv4c4334iosqw1k4521py,Owner_226,Medium,25,2099.51,14svl8zeysvx75yzd1kqd7beedqmk745ck,870kuclez3oozmy1jhrg295g2kbxtxdohb,843
1u8f6l2wqg28gg6vgnkg61xxzmzmb5oatt,Owner_227,Low,69,9700.48,5w8q30xur7lk34qgx82l8snc1ebr2ofrgu,mrveva0c4p4h0j00f71304vywrce9anpiq,269
jiwoidc5vlx2xn827fieaejudo6ifny0gw,Owner_228,Low,76,2402.34,hiq2u394xty9nbma18r57fdlh9ku3d4ror,a46vjtxamxsaupxgwnwgtgzal0gx387qld,774
zu8pwo19anakv7b8rexdstrvh00l8nwyk4,Owner_229,High,52,7966.24,2e0i4pl0m49ytazg1r9yv4v1h9uydb3trz,m0r68wyohi7nie2wzw0f8ssofqazzpa2rd,427
hhq8swe3t66z9zqqmbiabjs8k75bnofco6,Owner_230,High,1,8441.41,na911wt1vrxdh2la2wh0kqahb1hxlhmjyf,8motqdvx9anx5en1mlsmdpc4uvaxzzmuob,176
0okttexdnpiq9issokhnbnp74z1e0llh75,Owner_231,Low,48,4088.56,tg5aro3v9lsqodfe4z2p4wdxyukfuin96y,g8dj6czp989q3038tiqu0yqt5ogaa1saz3,690
rsbq9alkdzra8vb5mdsgzdb3iwlky3b37x,Owner_232,Medium,47,3719.27,kskthywkijhd434h5h94mkpx2edon8tczm,4w163cswkw59ox62yn5i52511vh2h1rpev,587
ufhihj80y0apqbahsonsci1igt6d7male1,Owner_233,Low,19,171.74,gnig245b2t8n6ilrflv3aam1lardh1ybvf,bb7wjjhu4fl84yb847rgtie3fg72pwqy3l,627
gx20bgusqr7opr9i6789slx7vw66vm5p33,Owner_234,High,37,6868.64,qmmw14jtwqdt5t35im53z9ffb65wecg1ph,6qzi3kz6djkmdu5k4v1izopjnrf8fq8iol,13
m58z8gwd1nw8s62zz964sad6yepowk1x9k,Owner_235,Low,64,9482.99,a7ghc8xiqccwstxcsl7o74xsc79stmpn1j,8vb0i8dccu51lduekd2p6u3uugvmrwxvhs,90
eu36ih7pozx7tnn6cuzs2r7eanamn7f2fk,Owner_236,Low,6,7076.82,jtuccf4vxn47zortr8hij7wu8wv2350on1,p9itsq860su0p1hgupd8wjn11l2ypwpemm,405
h0etaftjw85n8027hh7qh1md4fqc77pssb,Owner_237,High,45,4150.9,xtcnjtmfciy35e2v1pep1mht3a0gte512y,exhhmvr1bfobc1954q04r47hucpax0edbv,810
mn5gw4dnnnfdtcpcwlmy1pjfy3o1zhhqkx,Owner_238,Low,8,1495.78,kd5207pi1vhk4eprfbh0cufra2s9mx3te3,fc81kk8mhf73qdurrb7godnhio6ai0p57n,428
pg270mxmw4avsnbg08blrk89ov9rbdklfd,Owner_239,Medium,66,836.86,6dacm8c9tw42tkxee1610532rnvmyi0lyy,934tc567yujceikbtb76lntju9httesi71,183
ll0f1iyox6zszg2mhoihf3o1nkbhfm8ygl,Owner_240,High,9,473.29,5w0znee96jlz4nhglwqmdj2f0bhd2e7cft,w3gyi1fiib6k99ecw8fjkynk0o89fjirus,741
ya9hnjasx2wu78mxt8kvsv990u2gc02ql4,Owner_241,High,35,3085.15,rxz981vmadhcjifmpnntwb6k4jixafj1cq,vnwx9w5f2nlclvkxvi8ctlzagkd7n63845,405
5c2q58rwuncqurn3xmia77x4ylqjanyk1n,Owner_242,Low,60,6556.33,thvcyt2dse41a2qgko99fbwhrqpiv4r5by,f2f2qqq5fs884paluwmyfzl8kzka2726os,171
6wkeq80256pstq4y7g6myogicysh5ln2dl,Owner_243,High,27,8435.47,bfnj14kqy0lclpz4v90lximvyteocc6gu4,g4tiwluy7h14vndnmg0oh8rhzlozca7wdu,219
z4a9kb3t77as427ng4e7wdcsx0zu0w9x1r,Owner_244,Low,29,7933.23,tpoha3ahazq3jecbop3yx24olqrpamkoxh,5oig3hwp57wjby5xwjvsu3t0ux97oinb7r,948
3eg6pl2l5notyl27064ba2doid3b91iici,Owner_245,Low,33,9106.34,p1urwyd69jlu01j4451ttzb7qetr8rnqud,7hb26cyvdyycje9j2y28us2b1seba9dclq,309
6z6vcu28eoat48wmivfcwvfawb2yxy9vh1,Owner_246,High,56,7695.52,m0glxu3cev7bwrxfharw9nc1nwdxx07kr1,ruf2xhefaqbbn5ee4rz14scilpke7v863o,206
wv5396w08asnlgbhsvurx01ggmuwbvhykm,Owner_247,High,85,9357.0,9xkyrndciqynlpfhmtw87ej4822eei2zx1,xtseqcim0pddy7cfeg9n3r2u33en34n6cm,147
ev0u4907o3a4bxxs8sdzwydmkergzcajx4,Owner_248,Medium,89,5146.75,pje2d4bdm76yasfw4lmpnvhpboyec8grbn,857er6q7cd1fi6eoayoj3wp5h8sv0v1jyt,534
43hm7tx0mqttm59p884jrw64fl76d4v4ks,Owner_249,Low,15,7760.7,it7auqmp3k36eh2362ree4a6d7s4ht206i,0ooywkudewvdu85axhoi0mpsujntecuz5t,24
47ebdjwtlaf6eywxo39fgjv7mjbgwefzgh,Owner_250,Medium,22,5875.49,wxvv9cxi5s2xzwx8hm2q5y9sh28y6x6dnp,ib9zdwtkf8zlt8mfal5ujgzr1ejorb1xt7,700
6s0bk57zsh065k2qoqcbrntfpsim2lhqi4,Owner_251,Medium,19,5099.1,i8pnb0my4uqhf1ahndp2toq3mytr05ivom,yvdkyjnrafaqwiqhj4w3nv6q7z2kumu9s6,421
7tj46cm5qnu0j0s91y2ar0ixbhqk68z07a,Owner_252,Low,70,5309.96,y4pn4k6wpml2xxrf9o98830gis23kl5llj,sn138iy3u63yc3nd7lmwwc0lvtxdi729v0,67
wxf3hiy6m7ayqktub3nx1qksme5yq12ab5,Owner_253,Medium,31,4705.86,7ketmlst0s30dged8wfdjdvvpa0ypyfqfu,q1knngk1b3l5gb0qh9u39a1holr0gta2uo,611
zcw843r00ymjecy1nf015le8esg2srb20b,Owner_254,Medium,37,5421.93,0anwzxjvjzsb2k2usqizzal2pclq8olshi,flllllvax2hf0qj2lz0udn8juaulq5tgzb,126
usc42hzk398wp7m0dut94fus0movs5q7yt,Owner_255,Low,55,5893.77,qb027tw3pv3gi37ws1zc6fgdi54o5kz7k7,rkujh8i7vbwkerr2eg130i960oodnmjebt,800
pmqauef2sgop9fgp2tu655foqyuxonn6ni,Owner_256,High,88,3167.43,5ekqrzj0hnrxj1hu7mao9evaat3uezhd8l,6dnq2vj9zpm14bsynfsxvw9izt6z93dl39,294
h5obekfceleq887rtnvyz95kr43pk2cdpc,Owner_257,Medium,41,4277.82,uzywy1edxllepnqgvr18h9dzf2op74kqsh,9jav539sekctto15lijzhv6zq7wbem78r4,41
w8nq3inwzia5ngihmyqvcpuus1wxq2yydr,Owner_258,High,65,4254.71,latkn285micihu1sdtvwy0lgyo2eby1k7e,llnmnaacaonms47d2h3fi26ic4hu16qgi7,321
ejyno9zaglimk5xvmm4xctkmp0vtwnvh7v,Owner_259,High,72,4154.3,s5b9n04mdb30jogpdoz90ggw93o4urvede,aiege0rv9g6a9e45f152o8cqw0f6u56rhf,858
hcwn7fgn0qwqxk9rcvldjo925p1w7hwmlz,Owner_260,Low,17,8245.87,iwy74ydcmbl9w2ys0hw0hasghzpad2txbp,l2xtw6lrjywi1w7yg9caaqt2i5unsjrrom,129
6m6gk7vu8tp64qfdsksaw419pxiz79sh8x,Owner_261,High,27,6950.59,mq5rz2bs0idlst2izi3inuloh11zlttyf6,w183tnamb345y102br730grkeu7r0dsrap,228
dlqooghvvcj628lrk9eaqjtcd3ahoidaor,Owner_262,Low,36,9065.28,3m823ydxwoghqau15q7dzvqc9q7yahh6tz,3t28o851ad46rznah5gx93ytnqf72wiofo,20
lfpfcd6b51x9ixi6exieo3sy01zbduvt3c,Owner_263,Low,58,5669.37,7kbldcz47ivev579wdw3cjla0qymalc6bk,y4aaeiv9o0dds6ga2n3t4xsethrc0wj2ot,455
oiz9jlhjlok3sk7k32ek5f17lk06q7pnp8,Owner_264,Medium,11,5256.45,rnu96b3pjgqs96p7kryushmbxsl63annb4,bqx54sk52yqee0i17i9cncvxwbzs9s5jii,409
qoi1frfnlydl0vsc3z6ithl31na0yv2a16,Owner_265,Medium,58,3624.23,xxiz57pgebvvedd3xvx8bl97zkeeio2hsm,dy7f15n7abdkc6y9yk0kffxgptc3e5phvb,393
irj2b2ubah6uvr6za3unqtzz3bvhchbyr8,Owner_266,Medium,21,211.42,3jqlanwbuq31isjojd848sl2zer1gl995o,go2js08dvolmxd5dpiba5x4pxwtkth6igz,541
b4506youg9yntr0vyd2659i1utd2khbr8i,Owner_267,Low,1,4322.45,oud3j2ggo6sgdupduiepmawcc0zln2qssa,6pr2u3hhuxwqdoo7ieelq0kd09un0ya769,230
o1x0ramk2lyx119zktom0jrh07vn0sk8eh,Owner_268,Low,84,1687.25,zuy9155mzqamn4ylm64odrm6ir7ji2ryem,6orohsr4rdfg1tafzuhk3jxskbyok4soq3,185
74c25sfrj4qimn58p2n0tbji4pmyon7mzw,Owner_269,Medium,93,1943.55,x2qkkkq3tfxc3uhxz27fam38qreccgudm5,as54nlhwns1f7khqprgm06cjhoy44t4f09,68
3ttzpdgezqxpd5ghuhdrgwjynm34mssyn7,Owner_270,High,66,9705.65,gt05hidqletp5gbecastmifqa7082c6xie,7b26t0cd3350y0j0dcxgp58hxfak1bwyyk,279
8i8lm62d86p6oxeuozy8pbho0664issjak,Owner_271,High,93,7805.52,3ewnpcwxqe64t1m9yjqaz5xxqtmux7x7vu,nvmth4sr2s9hj7pjpqf413dzrdoe7i4c5w,767
6hruhdzj09yc11gr36h0qjblnse89isx39,Owner_272,Medium,54,321.8,stuwk659o39dlgxitswnzs470i516u3w0i,ij7ds6liicjhggx0t471h0yy7qpv425ayj,29
polcerhqjztgsozzddrxfofxllpxarnh4i,Owner_273,Low,86,6173.95,k8sk6pqfwufqmdpe8oan66lfap3pdwva81,q32p0bqudtqqxz7wldp0ssbrkcztir7ki2,44
fxx8hkx7eiiejkm70shnqq6iydpcwglabc,Owner_274,Medium,98,6026.84,720u0wo49k923tv7rvpyi61wj8nkjgappi,0s2moetgqali86yxuppyhyz557egbfcu75,544
bpgq7n5uxk0gjsr0lekon0xt8v6i2uyuy1,Owner_275,High,23,9477.33,0usx2nactf56ux4x0m556x5rmskowkiu1j,0x4i474r1p9n27l9zzay4ny7mglegru5fp,694
facdjc9i3icr39zstsrjoo6ixu5o6pqqb7,Owner_276,Medium,40,5320.42,qhjjuhftc7lzolozr5n5mgp0c43g9wp4ah,0mzn03swvc7wypnfma2dgssl0wotx7pjb0,829
isc64yp9745rgdjdtujzfdgdbtbqeunil8,Owner_277,Low,67,3095.86,fau89uffs1wb60azg7jsfxf4k7af7yzf7c,bsuoz2izq3t7op7erze9ulmm6tsmsnd6w6,869
4yr1qc6itrvehd572ow8bdqyzd9ga5ilt8,Owner_278,Medium,8,3986.92,ewpeoxkoq58ghtanqub0766a7b2rhzvg7w,hpeh1d66ulph3at1r48spll4t0167rai1s,479
s6zt71eu7s7bwlv7g4d6xtse7n7u5m9r77,Owner_279,Medium,39,6174.58,s6yumpoxmxvwautoy7kwn5wfh10zormqvt,crudhxswswsd0wz4ac9cg28btpv8u8obop,433
3z2vplw8rxtw63jy38gh5fj01y264rtuva,Owner_280,Low,61,489.79,zm9x89uhiyoa8avpoe31788wrlm09vvd6a,4r1z0q5g3iqwdagyqxwqq09p1v3vgi26x1,431
o26qkih9pdvvzuhl13nh65ag0v1t7ueat9,Owner_281,High,24,3949.42,ggcl8g4d2gvak8r16ssfpxhnffokj2jfwh,u179jln9jqae0un56x031bsb57ocdh69mq,128
z03qz98g20j9klizugcb57uxsgrr85vesy,Owner_282,Medium,22,5665.94,lkbxdm40prkuf1mti47maymwu4iixlwsuh,yw5ubqr2mwd2psoeyxy1z7ktijjx8pz3hp,28
7b67x9xxnscjfil1q68ljsubuqx5zkahh4,Owner_283,Low,54,7607.62,cy48rk8ocllt7z5x3gs99kw9t30rzn8ul9,2ousnkk74501dplnefsr9qze35guolage6,179
3uyoe5mg37u3vho9b3yirm2gqmpv2ron93,Owner_284,Medium,15,3944.32,yc9cfajwonmmhjjbgtsw5gvaexqfj8s8cm,99bxlkmpureqwoj8k8qe1pke4jdjzxjhou,839
f8oyu8wbb5l2s5hzuqouloi058xgz4jsxn,Owner_285,Low,89,5011.4,d83vz5lim92mkpr1ebgouojw29kjxuukww,0vk772hzc3bnvbq3b7qg090yk7qsmm3k5t,326
jlmz0lb8sk0isutwngyzbeb8wu7sc3m4wi,Owner_286,Medium,48,8593.11,resxo08l0vbdl3q8jw97x2cn7t3rlz3i2c,ma9kflq8oomf3xdkw68liwjbeg5k04oa4n,97
1kcawnoj5ll27mikpv7c8dte6hluzcs4ln,Owner_287,High,52,8149.51,l40wpnfiwrbusloi4oowqqt1w2li1l8k3i,7bgwrmh87awrsnkx4b90dre40wtovy6l7z,510
w2jvjdtsjw0wcji7invdem37p3a5mlkn05,Owner_288,Low,18,4349.89,4sgabdo8rd7ojuq4ukx4jvb8oe2csoncwb,f7qa4axdbq8q0m760vo0an7yubz2qj666h,551
1909etwxsawgoualmu50ocyedl3jcu9vpc,Owner_289,Low,23,2499.41,fdr5845gwnl8iynn7qqb53ks33user6aof,ymmy3mkr9vuvy35mk2u2j1t7h0ap0vf4hl,316
y2gda6funeobxa8nc1w6s6ywugck1ddx8t,Owner_290,Medium,64,4887.92,rm8i7aho9s01rdy6llv9fp94mod4jz73v2,rbg34461gyo7l0ksztov7okaoosx7d4q9c,896
jklu7ovjvrita85ec4moyr8vg2bncu9b06,Owner_291,Medium,47,8371.97,il9n8fxoinlog7nxhhw7f64mnmh7brea89,2aow1tvg283sf91yizr4z1cku0ozd81ec0,897
rvv08kxb67fcvf8oezzhftc50nbk0tn2ql,Owner_292,Low,71,4781.04,a9ycknr28ykk8dyobg153wb8q81d4elm1a,rjrrnqbrpsdqezir1tdtcmpeoyuj24da1p,800
frelwoyig9fxgruh4st9vo46d8p0n2yhyx,Owner_293,Medium,17,1972.28,9tmisp6ytbxheznwkrk3k585sa3q0mh9i7,0j26rgz8y4kfi5a6n62vq5f1n4sjusvt8y,226
u8x19nllvro78wyzneptaxqgvytqg7914z,Owner_294,High,10,9208.92,x8c1pbm1e9zdxmmqc74nsxcdubo448htw2,b9jbs19nrehews8u323ttkphgnz6152lf7,881
i2st5icw2s50kwayzg0vdojnm7hmcmfg4j,Owner_295,Low,93,9316.86,nlgzo788tkll1u4h2p92x3mps5r7t8a4ha,tnma6igjzp2nmedak5zup0t1siw5uhn8qs,218
mk0hnrk5rdmmasq1xghyif3q813kxb1zd1,Owner_296,Medium,92,1023.19,m950o7fl9j1g88fw3u7qvc7o0s20r5odel,bsymoj1nu7o1jw0pwbwanai4xjpj096g4i,674
mypmnsfttqxfg1srj8lkgxbqgw6f2yo6se,Owner_297,High,52,8459.16,5pl2qvaqa9mrsalitdr9hp0y6a74e16e6h,fj1o4f6ukxior16yt7suoyodr40xtb791i,637
qfpr65vw21gms3t4fzrlmo6nr1qo4xju0v,Owner_298,Low,4,3834.77,0f8alktygtkcimert5w6nnyuaezmuvhvzw,cz754gpqkb3wzbi6q8yc84k3pdmakwp91r,135
m12dbzx26osqcvm0gc6ri5o6aqi15v9rah,Owner_299,Low,6,5566.56,j9slenbhcl2xgqb1n5ktghub4l6li4ywib,exmu24ty69b2bp62v3qi12nn5js6tuw6he,521
cww058jdz42vw5q5ll4s2hg4mf0r9x9aq6,Owner_300,Medium,59,7072.01,cndvd5pew377zipe1xhqtver05uqklk7sz,gjeznqhsm1amfj33nyf42xl4ue2a64cqnm,796
dqaa413q03l323jm7vq43lrrkarboidg0l,Owner_301,Medium,50,9258.86,asjwqktlfzv9vhlt63vfg8hozmfcay6dmd,f5hcjcdgfe6hpuhzbpxyxj82xm6sv3w3aw,820
c0knzgnmjwxcyldqj8z02l2qfjdfamhlzq,Owner_302,Medium,30,379.97,s9sk9x5gfrn9d2j1w3xc2uw376gwkv4ql6,00u2x0imwu2xkonm6i64hofzrwgyyzwm4f,252
fqw222o6arvk36nl80i4xer54kayaypaxw,Owner_303,Medium,87,1294.8,w371rpffdbvf7tbw7wkcu4lgh7so5w950a,l7g993lqkwbrijntro4pusakfhf8xnorak,373
3n2q3oinp26nc1ilk29d2cwg74mrbg1kiw,Owner_304,Medium,92,5821.32,nqcbw3hfkaq8p1ilqhhai1bjvnfr77td1b,xuwz054n3n46zdttnhm7n16udor7zvhn4f,69
scu0gbonmyhq5i9du4u45bg83oz4jwl412,Owner_305,Medium,74,6769.44,hvg4b7ksco1b1u60hcsk66dv0yzw5wwz73,mprzecdlevbs29apch4ksr2nge3qq4j1r0,401
ell65iapo51ab9c9sf1c5dv3b5h8ta44kr,Owner_306,High,66,9697.39,fzyfwep000ki0wdvm1ibtai3eegj2pj3v1,xi7pcggcjjq6bditt1p1e6dcrucejvhpa3,416
xp9msaljxooc4wqm2lcqvxbsmjy1w3bxxi,Owner_307,Medium,72,9553.94,p7621o5h0swg12sswykzsfpvfz7t12omt1,ebua6cxr9gwf5gnbyjwyl902u4s28xk90h,288
b1k3qurcc67l7k5xjavsrpv58dtcefgb0x,Owner_308,High,46,2680.02,3co8mvm0xoydly3zky77hlr7jwpnih3293,5olya8mtnr2ev6sytaih2vsk1qd1gokfih,690
e7y3q3hf07iowrw10bt5e1dgw5ucmg1om5,Owner_309,Low,93,7256.22,nwb6151ic4roikll21bgzy8re952nsl3f0,4m7ngvvb4l5q9qju3nnea4aptdxl5okv14,834
1p9drd49m27xgyfyfy6lvxpdsvp5uzbulb,Owner_310,High,26,3550.54,3bw7zidwzy8fpmleq8vbs2zhdvdon8wpmj,hm9ra4jcht3cjepe6e5vwx109z5lv910t2,911
ftk9pckcnngfscru8roiozlzzksdrct2ba,Owner_311,Medium,12,1186.99,xgo274jrrm4crwpvvx5qfqbyzb7cf08oq9,xyliv7t1m73ab55jb2cmrta70yjgpprvyd,525
tzp15k87zjva9nxw8zunzg272c04tzb4wr,Owner_312,Low,5,9238.03,afjmeia7f3vctcfkakghhwxn1wfadyz51f,at81sot0p35v3anogx6peyixu3gcptp2bu,275
9nwtqysfiz15bcmo97sgncgkx2tbsyhdsd,Owner_313,Low,23,9855.99,86gpx24hgc7igkycdmyfvhay9xiw0oef8q,tpsf6j6dei6jxrp3opmvgqtwqnjxa4zr2e,772
a0ldchrbbggw9cj3xnn9j1cmsvh58xqjsn,Owner_314,Low,35,8556.05,t0v3q8pu0arnkg1nki0ampkyfbscbygnl0,ect1riq6pdxp2a8qc9mkjngtzzd3ho7ey3,619
0rc5f3zhyxwdpx3r6e116njpp4fyeu089x,Owner_315,High,66,4506.65,aikfikge7nccj4nf1oewle1v42mcvhqchb,m95688tjwdfcp2v0our2p60zr5riognmao,237
65guea7u5juoge1w1bfvn1ioecbdiwxf87,Owner_316,High,53,5185.38,0qauw2wcqb5x2gfpikxx6qv8g1bjq85fvv,hwxcti7rxwpu6myw7rqnn5nyucfuwpc95i,727
7pchl1x4zhxy9aonngkzhorsv3e6c2eon0,Owner_317,Medium,21,3669.08,57qt97uqx50gq4zr6i6c9wepcptaj8yqv4,xdpcs2y3q44k351zg0f99c37v12sjjlnkk,308
zthu3t8zt3z2l499t1mwko3jpdfnlekfmx,Owner_318,Low,34,5768.86,pr354boqryo3rlt507dz0h2whhlg5rjs3t,81b96yvdcow0nlnm2xuhpy7iysowfpcmt8,83
kbxn7i234gwmnlkjha1b7h64uvyp85mevp,Owner_319,High,75,9898.39,v5rkvrvn04pz648w88rj10s1h8miphn6ui,higahmcocwguqydzp0jdiyborlv706pexi,934
auhlfm7rozo6stjl4camma0vd4pyy9o8ce,Owner_320,Medium,82,7579.84,pdohphg855x68902l0ltr2jxvotcnv3b0f,cpisa3aabk6lx4e1lt9k5h0qyy8632ngtw,904
swmtpn614vc7yhu8s1gdv4v40uynwlv3go,Owner_321,Medium,13,1105.72,487e2qet4n12uowxm7cl1e80owd1krmeyf,y1ytbf0jpz17dmrmiifs93f3z18fme4ol4,341
kec5deazh3hsnl8708keamjsl4f3i7hynh,Owner_322,Low,33,330.53,44vrj98kgfkx029jas0b65l3r2eyr77lr1,xc46ruskdk546ak0qz88xal0p4cf4bm3dz,387
rvrglg7wroru85c8cbllmp8hlq0qcki13o,Owner_323,Low,54,2757.93,qty5p1l4r8t2eejyba8aqtd5brzjsc0jk9,6n78gpb1592gfojofyvxekasv3ibph0aal,350
4rvmhajdjklk51scx70ivjsdogfs9t1q2f,Owner_324,High,24,4245.55,tmxoizpnx17941rqsc5w1jy55k1hgmfaeb,5gtl3rbai6nxzrdfe2mmjlu6lykmnmtjqd,686
w3w8soh511zmjwd7nui6uwwv43oer13fwn,Owner_325,Medium,94,2165.2,v638111z374zenbs2pbvyssb4nfwqn8ogc,n6dx7yeihf7bta1o7571kpcsut6cga5ss4,986
3dkh2hwtstx2pwl5ncsqtr53x3i94mw5y6,Owner_326,Low,36,2159.11,o1e1r7y1zq98e5r4zy800a2plb0hw5jp04,qvkhy0lqi9a9wzz0gvvudircu8yvecklpg,939
0pgi5fx4w44pon5kz6pc8zhtl6rtiu6p8h,Owner_327,High,21,9578.38,cmj3837w7icuypkepiv9lbk9cfa5bqm7y5,jttr2llsymtuc5cyje3ciwyu3b5usksg5g,947
zzvt30i9nn6nkxbh6czjc6rjjrxur7yhda,Owner_328,Medium,74,7044.43,vnz8oqqyr60504vdh30qa3rmft9tb6l3ii,idxdqz7m8uzzffns7ncoithlcss0c5nuua,149
wzmhcybmgvw37ftzarm2jgowy2rs76yt8v,Owner_329,Medium,16,7881.3,g59m8aj57wzxs5hmwe56kt158gls0scsk2,ff7jy99xfg1as73v5hybv029p6lnshvujr,499
dds7uv7p2keo46490j3edi397typaxrxyq,Owner_330,High,78,4288.93,qu9v1fobm3t9d5uh0n0qpkdgappigkfiba,nk487fi2xdcfw9jgvoq2n7r3hoftsb8wil,209
46024n5sbeuv8ktun1s9frfeu2ieuawwjh,Owner_331,High,3,1815.07,zrrg41uott3o7vp5wk7iswpxmgt7u8mbrt,j2jg9neebkv3u3ihyv5kx25cun7y0yieda,226
grfprhgqhr6nu8i92vn8wt5m7rgkvmnmlk,Owner_332,Medium,96,8945.51,66mpmek0j4u41b136ja0dq1y7haiw76ffa,3z9nq6hj9hp51rmni61ya9ssqqtdtucvi3,683
6t262mcr8o8up1p8w3o40s4dkzs3gdex8p,Owner_333,High,69,4158.66,fmzljgaw3d7edy0saj7p2z9rfjgxdzflfr,d0oj1ia5bo5wealdwq3h5k124m52drlrlq,326
a93upm1jk9ekna8vgvo26cfuxcm4v03k6d,Owner_334,High,64,2745.4,0bhwesjb2eaavttf792jao86epcuecy58o,poxdrkjrf7lj95phrk97ibpgiq57q6kdjk,248
sf7oqhplln6d55io4nb21hp9q8x4qribeh,Owner_335,Medium,9,3214.3,8t4m7s95y9fsjwt9z99rcgndyphxzycgus,qbq0m2ivcg7dow51obw54kd0ex0qg8pr6u,425
cn7hwbjb3y9m3a19zptwu974yd055bub6d,Owner_336,Low,43,8046.48,sl8pb96dx03a6uk55xrsnex61isbsymiky,6wszqh4564hy0mspimismlf8fov5umr6qt,275
iz7530vlmsw7dh58cut5a5pmruzvjff60h,Owner_337,Low,48,6028.19,rep71d74ffs81wm3azdwebpynclzelypra,t17m5dqrvk24thc08bvs8bq5jc5m0p6tqq,852
er0xtw9h2hse8448kc3qvvi4345w4aj3cl,Owner_338,Low,17,609.48,3wshodw9v3etznfwa29huruz86i8l3vu3h,2dong7aj4qfmhf28l0gpcc04jnsme3p9t4,51
b37178vv14a2n6lzfy787hplqgmuz9oj5e,Owner_339,High,48,3686.11,l4n2lb9z9dorni5minoxfy47gnpa00ourj,z43d3nkb7htrjy9878ey2ujbv2vigcqm6f,232
9ek6522pbd3o813gpt2w0nwda956wsz2jl,Owner_340,Medium,72,5771.18,c7b8ad0zl97ajd34h9l0d224vfiafb9lei,38nhwxxwnagsaii4yzjjzhfqg0gdwrgu6j,92
76xxc679jqf7hrmydsmyskc9lsagam3jsh,Owner_341,High,77,1938.06,gp35yi2c00gka7674q3eb3w9dysshosma7,uwujf6uiiq9eaiwhggqgvmjfokdk7w67h6,860
7azksg4bfkefea9wnfr78sekkp4fz7l4ko,Owner_342,High,94,6979.83,jhubhb77sdx6q9zr8eocgcnu59ptckqvxp,nrr4now5q2smqg27490holoqhh5hzjwfuc,407
6zc02qgkryokixydcz3irajeemqh9exy0u,Owner_343,Low,27,769.5,dbyogoa71rfv43sj5pol6kiji177u87am6,rkr4has7ggg2rnhsv2zrc08m1cifj71az6,134
nx18az2nlj36cel7qcs738gcgv646wjsjp,Owner_344,Low,78,6359.84,ucryxx1i92aqsbcbmv4wh27aqa1clu84gj,i1mko9jp77wkwh7taq88xzfzb0qstkxqkw,300
08g7fiyyjlfwzotysxwpekj0yk37gkmplu,Owner_345,Low,66,7783.93,e6bwglhxto5cvq3cl75ybyjis4lxs7ry60,xf25deafrfjrond9mlptv6fwn3ktpgagsy,32
stcv71986pnjs89u80eaddym8uqxoieqk5,Owner_346,Low,100,7440.57,det6wilze1rkz9bi95cnuz7a8eqfw83pc8,sb1oo465r8k2x6ni39cfbkmf1ohwnl1m15,624
oo2bxfd720ryc6oz8ffzswwqod4cgtpq6d,Owner_347,High,27,3084.43,1a5nrmkrfl306qr6oylasxkdzyv436645x,i9699w3sff675nwl487s045qkpm0oqrhvv,236
4a39bwgc4ie7g41flc8gf69myo3rmsk2zu,Owner_348,High,34,331.72,d6rqt3pbx1wlsw47jfkidtsfl7pdh3vd7v,d3gp6f9crdladamb6v7pyqwkhkuh2v7tlu,248
u93qrvojbuyi1h9wey7nn06gjaae2sj0pu,Owner_349,Medium,52,8219.13,6cuyyk1mtqdudzysl0xx2ekz2vkgjdfthg,0yphbt8w0qrock70926qyl9jswhlv0lsvg,485
nw7vb0jnu8ehg6dxn2mb977dztbi26kvqq,Owner_350,Low,92,7926.66,t1y4y8l7uxe7de14hdl73lw5xzzu7f98gh,qio9ob7fkia97t5mtqo9ip6qes91dbv1sj,141
rxwnxhmp8ohqm1ga41bg4l0m9q16ld3zi3,Owner_351,Low,68,476.13,20sworuncena8ati1qmxnw6virex70bmum,qvunfrzx7pdaywm353tvnu0819rnpwwtj0,669
f816jwwi5igjt5fugskup937ypiwy8c2bv,Owner_352,High,22,6411.45,rz5ajnegk2f5ti0udkwt7sqkmh761vlb9u,3aukg99rt1ndw7c7cgbn4apmolns1598zq,981
00fid5vchx3yqi8nx7hasjyr1wuznakxnr,Owner_353,Medium,67,8349.25,5nj3g310z04vgtteyc9l2dqe18jyco1p3a,7g60sfxbpjylj65dooowpavwivml6hqaut,625
cjpx6wzgo9mr789jp6vkfulo22lkdmppzy,Owner_354,Low,47,2459.65,wpihs9a9magwcvbterm1ejfpdiblsml6wu,f9gmh6wct14i2fr2cqgg2cx2r5flckck1t,845
mvho8yje0itj0sfhjp0tosvr78eps9br6e,Owner_355,Low,83,1539.85,9ldi8ixdpuy5pyx8v1vmg3u9y9dh1nvb9z,osuk7eklk4hqm56946437y1yi7msqguubb,191
nzdyw89lz4zr0fx8z9ctvd0f4tv93eo3gy,Owner_356,Medium,86,4607.9,7ld3wpgg0qjjz0ei8mv5zo09et4plgbaus,odpr17x87els1uz7qeb0vhw0f0e63mhlxl,626
1geg4a11lpqd077zz4syvzrkea2j871b6w,Owner_357,Low,71,3099.71,qe0oq5qy4bo3racdc3o3148clh5rewpyfg,th5q7644srhltu14yzqqaggabjwvwur3h8,895
330f1pgw0foc0c9oivjkntyygp43373pq8,Owner_358,Medium,85,8897.66,j5dnkn2d9h4epi50pcy0mn3zsbgzuyedl3,zdsemn5p00ui0nitud74aht1wjix6gcr4k,914
olffoq9s90l003hjyfuikc7bx4baf9yksl,Owner_359,Low,9,1127.55,r9lkttotcbx5q9toyrdl8acu13bf285udo,adcidtly38mk219fdqm9wx8229lkjgu44u,408
m13fd0morvkq6jmor74vkm5zzvifed5mxh,Owner_360,Low,67,6384.37,7oiv69062nfhf86e25rly0ft7grm68zxvp,vyrxj8ap7my6h8jcz30wkjz21v8m38u4nq,821
l3epfzb2klqp06ubpt4e6knlmv3zio9ir5,Owner_361,Medium,9,7974.64,hbq4ghcbkmyostiiwy37rqwc3f3n83e6eq,qivggr87t7yw563cr5137vlogb5tjnavyd,578
sodchcg6ur3glg7x1qtj9c5o25k227w79q,Owner_362,Low,98,9239.13,g9tcchspj437d8ekh9mfu4ic3rsribdwrh,czsgmousyeh83s29yq76utat8sx1w6vt91,142
vs7ljwo7by7sxwce2jdj6v968x46hzm4pu,Owner_363,Low,95,3598.51,a2br1x8yd5cij6lcc7c6odxsyvuo98kwlg,wi5zzwt93kl67zxw2gp4txgfy6kx5mdx0q,592
vyuz18v0r2hdtndrc2h6c2swb4kx08oksj,Owner_364,Medium,5,4004.58,901rktfhsphqsn054vi65nf9k9672botsh,n6ual3e5w6tq4ts5888yoy2czrba7e87lu,344
w18muz34muxz8kxmynniq0ua3tgx3fyo9x,Owner_365,Medium,20,6771.63,a0gz7dzqrw12v85k5dxmuto9q28rh9j395,hocssqjoh667k1xhquv6mitwqsu039fys6,106
musue3hu8rb9ltv1fazry7gbeasf6i7lh5,Owner_366,Medium,89,7877.46,9ewizksg735e8uuly4m7yjm2xyq4it8e6t,3sikayqnj95nejmmivl2xx57dt1z49pmxx,90
9c89mq3nu9hr0m85iozp8djtwa06d22h2m,Owner_367,High,71,6579.37,hrycnae6865u7htrcjboxkex052k6k31g3,1u2z9hiw4mxw8es8dw2qbshsuwiw25k5sa,26
lc5zx60sjh7ufq6l7a4t7s768caq2hxlyq,Owner_368,Medium,58,6097.99,vwycuq50oooxtuzzue6f72pn8xmjd9mdc4,eu32o42wgevegu2qsecfguhqfzp48r6rc9,373
xz3j732ioznu9iwteoef71lgdw2684s59d,Owner_369,High,18,4788.1,o89lmf9h99yv8zhl85y2kegqyns63vjstd,ih01iaz7xlkr78pzch5c72607v9rpcd2fi,519
8duyrqqy0l3z00bmw1s1u3nzp079zm4wus,Owner_370,High,48,5361.03,l6p264jrrjz91dq77vzu1mwhrrquviyyz2,hyfj5qd87arcgi1bc3zbkc9z7zdctjytz5,234
vmuj3u35s6sg5p7e9xbsjfjt3zlby2mxhd,Owner_371,Low,82,8290.47,4m50hx1o9w9edhvs5wvb4p5qvfjx7trydm,wwpomb0icsx0ktarwnfgxjo0mco8crpjsl,661
4pqpjbz0luns0zzouq8vkza6nqd1wm6sby,Owner_372,Medium,80,5198.77,941smhy8rfo8gf582nf30fjbekol4o4tfd,p7csjpvtrrvp9t582r4x3yfyz0yed2ebq6,717
1tz9srouwi6xl3do2shomhodx2s0ouxyc7,Owner_373,Medium,59,6564.82,j1kwl5ofgdfkaavz2stdgdsnhdyq37q30l,70nahvinvkg68cwxkx8fshxa46k7ws7fy2,331
fy7qh6antn0yumxx6t19b3qpu8vjnkczj5,Owner_374,High,64,1617.35,zxnh8ih1gudrsvvm8ki3eshq609r57cxvu,ted3cz6co7nk6w64wwalz2ils0n9ozthhn,211
vf5kojst1rg91hmfqw0bgcznlw4lzzfuj8,Owner_375,Medium,64,2993.35,1yn13idqvh16kqmbhi84rb15us3duux3e1,7hn17m9lo0z8suc7qqhkyze2nkgxaitbdw,170
8ayp5jyx78fqe9tj2041rosl1egp3ot1e7,Owner_376,Low,51,1668.64,cvs6whben8pa1o2tqaq7rfgai6lwo245td,gr639vuu32v86pm6u13bfnio4d74sccgzv,735
c0fjzxopajloqrcf7qhu373lg7ndrhr4u3,Owner_377,Low,11,6157.47,c4brhfivfqdpr9u5l3bhcgzb2ept6r1f0i,4wsfuzdmx1xtd9xl1x0szlmsbw0gqk15we,307
csn0ndwds0fm0n0quthivhag707038xvnc,Owner_378,High,47,5042.96,922pbssu5ad0g1x9026jfppbjfxrhqdeb9,f1jm8hdnhwcqjc8beeii6go2hacqtdqdpd,914
rap9b56hb9nylv1ik511nqfis4nrdj9t8j,Owner_379,High,93,5292.85,i5zf4samefnokfwt3t5fn0ik0rb9vajm31,6xbas8k2qll3isgddjn831sp7cl5xgof89,659
z6jircj4odyr11h9d4yl71yq3l2l134kjm,Owner_380,Medium,70,6825.04,fh3wlxddb7qo3zyygu9l6scdw1lum34zam,yi0gtik80s4xuq41x2lp117uxmare80jtv,834
08y66813s1cl49sym2k08hffkilx9x9lbf,Owner_381,Medium,24,4697.4,47t9zfcoi90jszbo08odl97bapi34tjzw8,uit4fmw4f9pr2ovhajwp5n1c7ff7gum1ri,442
nnj6mvw4qnj15r7y7fz4k17k7i6q7t9a60,Owner_382,Low,6,5209.35,uv10hb0r6jate5bqhjfow58qwrxer3vymn,w1fap6c0dil31mcebocs72whj4hsluguc0,832
813ktyn8e4tfc61gfk725hdkmoh4a23bx9,Owner_383,Medium,99,2067.81,sxxvc75kurjkblcofmxwnexoihm2rcbh70,60syoazgd2hxqirzm5n23cnv1q0e70mktc,529
onge6l1tsjyd86ivn1b5s89vimgtpu5h0b,Owner_384,High,2,4160.72,eq5m10bbsc3pq7nvzbbd15l7q5xqv5t6hn,7i3jxip28829c41zewfneidch25r9i4tyk,696
v07hh407yky6u07glivn720ex7xpq6ajjz,Owner_385,Low,36,9582.02,qmceadrm960y738e2lez70nhkk31qdvoq8,f6c8c7j1gpw5vi0z4ey6tkybge9oplb1xf,295
olamryw3lrbv4dhh1je4w171ondq5ef3p1,Owner_386,Low,62,718.43,arych0xd1lf3367m7yvqlq46rhkqyw3azh,ud1sir4mubdiy6wyrs0wgco8mxddxohfzu,954
gk8i36se8rtnk5q6z953t8q59dxbv7ykpt,Owner_387,High,2,8896.0,xx2c51k9gcyapoa4jeclw5piu30m02e7k8,cnmqj0f23zxtwkxrt8kd0rps4qr9vczndv,191
j4yaurstln1bwhxuzsl4anvcai3ga4twzi,Owner_388,Medium,8,8811.02,hluwm3894hyq23qwqlqvv169wu26blbo5t,u2t6z1sp1bg6ylx2tmmdwe80407724jdwv,374
r8fkykn5wl2ehnowidvs2x34k35xnmdei2,Owner_389,Medium,93,354.26,9550160w7pqeap01g7up2g1ok5l33k29m2,z1m72753m5apbzczb80ys3tawzxb0lzc42,376
7y8s203mn7g8dp2u1ea5n3kxaml6umkylp,Owner_390,Low,92,9557.38,7o4ait2rund0sx5h4tiv2b4s4be2ib0jj5,6b5hixqaisaz1ips2el9gbur1gozavs8c7,923
n8zrkmlplxee8buuvhouixi26a72fqkwh0,Owner_391,Low,100,7894.49,76bf0dcobolwfq9irs7pe5zak5fc3h5oqn,07m48n8ew0968ntz9cxr8edssnio1h9rjs,843
678smyklk08uqbzskaeryy0azndsrg05io,Owner_392,Medium,43,4543.87,ztlcmq0f3ebcgj248zhq3rihvyezz0e77q,j3dczgc3b0l6t7amafdgfg955yqq1dhh63,248
99xgs2ji82swy5dxrr56ai3pphzrj6ljux,Owner_393,High,63,6273.29,fbldat0mvooegn77h07anq4ugrsa5t8ezu,5wkk1mqnrtgddopgoy8phs67gtpdjljylz,327
ybx9ul3i5ntunysjm5wczbzw64yybl5q1y,Owner_394,High,58,339.64,y6t9qiy1pyt31jn0nbs836pevlatbjkvn5,ja4grm29exefqasgkntclrlkoi4jan00iw,832
iwaacl9xrmr70hlh2sltr8sk30z1vl81nl,Owner_395,Low,91,5499.23,jjknwfhzeje9jwidli5dctdtxjl98a8wew,3vi7itl8638mo7w6x3bt9pramky3qjizix,613
u8imt1r6vhsm78gdjzcs5tyr8vmcz9f9s0,Owner_396,High,84,1921.86,xv64ztm8wihzisb0r5ozltefjfu7hy51xi,blcakvrzmzt7ioi192j29vndiyvrhdkr1x,598
gq57gpiwtfahj6xzew3n7e3tetpvns7mme,Owner_397,High,4,2313.58,mm7hyr2bq9bxabhyh4z42oxz6z5d7dqm4q,fk2t8f8iw8xccpc6e6jucvxq046q55c1vy,29
4magu60r1dmb2v7gjdmepnup59bft2uqh2,Owner_398,Medium,86,7562.72,0wjjesfmpvb41cmbklbf3hvoaqxjt1739e,aed1ipq3pjfa4c6ae3e1wyg4t5gfuqnylt,673
hr4mn0e8i0yxwttpg8dh48luxk9397d7wb,Owner_399,High,71,8558.55,r09c4qwok0oanr4jqwzl9gdwgmwjiehf0q,djy8l91edbmvia7ztx6xsp4g3occ553hte,597
15tt0hnhemkmyetc33hwrdkticye4is466,Owner_400,Low,18,7973.45,rm9yx3b12thhgw70uju8ppxxczxiu3jfwx,qgnpyg4kjvok6afqr9x5jjb8psyoaqfpmi,348
5pjkxf2j4ezw9uodeb484hm1ud7lrbvp4o,Owner_401,High,59,1774.68,7yufq6i3j06dgnqlti8s93cfffwwrob7a5,2q3csv2d5g4y88rd0zpcpexlnvwhnvtyjn,19
vyw4auyk9gr8apj3pxxsq1lo1t8u2kpd7v,Owner_402,High,93,8724.52,1qr3fylhrvapy6sxzs30txwwllcp0glwxi,h9x5yquc45erldxairykwypx6gceco5lcx,177
2ypvhlqqluids73uzzbs5dezuuz45elvdn,Owner_403,Medium,66,1256.03,zlw6n3yx5jsp1dinfc1ej0mpcptcmkqe78,xlzu2q3goiwsvyx5exn3ghszhbvijxqxkd,73
lmqjl3awgo1q251fu2i55xbxktzhegddsf,Owner_404,Low,71,328.15,6a545muhjhsd91xiknufw09vdrkc8fw00i,9ikv012b8rq3ua24w31kipqs1vrqw2f4cl,648
2ahfwb1g75ig6teh2wuojspkmbta24f7no,Owner_405,Medium,82,9265.22,gz2n6dc5nggs8m8x73kuqnqdpz8su6injg,pdarn8asjbirz2uybdpk5iktfpwvbj314w,716
l5lmaq1wobzd346ue1ht24mtn7d7vdnwhr,Owner_406,Low,51,9211.53,f8vo492j5321o9ohetbzo327ejb14f8wgt,elnkcep86gji63eqsymjs6m27bpjsgh8by,975
26oo9ypzbx26riesridb38y4hpmhfvtpw5,Owner_407,Medium,91,4076.23,6e0dm0fc9v41l8a08knmais8frpuzwfqca,0tluqpe0uvtfiyws1u4tfm99h7ypo24la5,461
chqi1snopbxylycrw15oqnz5mgosdxl1tm,Owner_408,Low,61,1158.4,zwnn5mn5nn63e4fj36fs5fcwczm93eptmh,19n2umybtb5912izmk2dfrcl21q525r9fm,36
saabamgolb8f45werigdjt48xhj8qy7et1,Owner_409,Low,54,8653.03,gwd2jdoji94s3ai5ni6s253qver7ocsfjz,bcrr4uzr67wny6us72ab7bpndwrlhlzltv,538
q41d4skr61n7ujvnowuanzcekwmbfcd6wp,Owner_410,High,19,9598.2,g2t6mgpczlzewiqkzn3ksvm51i1wkt0og8,lqx5k82vs1nzcedcih3x7xjerm3ibhlnlw,846
kqxbjefys1n31o4ivp919gym0wzk0kaplz,Owner_411,High,32,6267.11,57u1zwx6pizxpsybuewywwa0evfu6z2klj,dathb7s3emwym0pxo3v2wao7obge7sjskj,18
94nwd1ycz2cl9xkx56vtwvktu7vw90ye6o,Owner_412,Low,68,2236.85,bmgiad5wl54339zk53zo14edesfzm1nuy7,uoc0urn8fcokp3foxhmmvgi1ghzcyphk0z,523
iuo3l2zbhch0fwz9zdwgmp6ccwj2jloy8q,Owner_413,High,61,2076.34,x66jh3s1lbrarxeuca9yk2s243puf8i8rj,zb579biodefheo8thpz5q8549309lwbrfz,451
0wc32bf140bybpl3ftbwk662qpjqt0vhgv,Owner_414,Medium,7,7071.06,tx8up7b7s8cky7go0okljscu319o6lecu6,51klflwiqs0zlzzvqzoaur1ug68pkhe4mc,122
og1mg6twrxylvf8ki3hm1o8bz8uk0smfno,Owner_415,High,54,3846.13,o9yw7xqe81t0u5ohyfeofb0y8zdhnlc50a,1sb11dj12ezavh9y2rden60hmb2zeugv9v,255
lpt59hymoj43a7ghwbt42yir0kvej0dnol,Owner_416,Low,48,8555.57,8aeszt78frrqv70qg32snblonu4agcveee,qdq30un87e567sqpw5gsiysvharlxphhbj,908
a5ykqn78nlqm86k46ybc30p9kfdtf6bedl,Owner_417,Medium,19,939.39,t81z39s72zc8osnsym973bdbekcl25s9nb,hu9ou3hl4hgtvdjdcgiire48vuxuhn4exz,326
936klbg97fa5tvw96n8xsh88r6nww8ikkv,Owner_418,Low,98,3603.62,p3c50mjan15nq6m3qxillaxdmfhoalsu24,z8f2bff969e75n7p72mkudoxq7r5y8bl4n,359
4s0ciu32aapw1dgv7vunk9vjdwckgnh5rf,Owner_419,Low,34,72.73,v6i97dkj2ky07ppkpkfv2093vdzixrvhtk,h6apfsgh6kn3f3qd41ufjsh8vcx10n6e8v,238
2vqpl53ojogmcvhz9zeor820y10fjpk8ld,Owner_420,Low,10,8485.76,tutx63bkaxqwhl9w8424zeor5x7zf458hr,ps356g7pd0iss3mwc5oftewm8vmdco95mk,403
nc5re8t1wktc3x7r9tjgoa4547l8uhi8dj,Owner_421,Low,13,259.38,yb8vvckqlxdg0n73t6mqqe9ohu688r98f3,7r450hibxujqbcgylsyssgnsawp81iwx8l,490
gudyral8d8zimfrhxjdftrbm20c2qhvfgn,Owner_422,Medium,28,9823.81,53e779ko9es5ixycmeaiep7lt8q3921icz,d9uzyjkznb5ex6imlq08fwu40pjqfobfw6,214
wmhq0j23fggkz1dy5jsa1jy9mjf6pdy37i,Owner_423,Low,22,4515.37,9apo0vwpdqsorwlpjgv5kw6ia24b3fqsus,duueyjhes2wi3gr0pxwcy8v3ri1tjav09z,433
wv2qaat56rpt0zxjpr01tp96l9s9p0vny1,Owner_424,Medium,54,9677.81,zw47nnjkgmgbgpa4q3ldcs1o7qmiv8nblu,dj6brco7wznvyr8owjs2dalpy7l5nxzeai,347
o5e4l8p5v9aaduxxmkbkrifnajlk1nhcw0,Owner_425,Low,83,5433.95,y64j1fva5d6d3oslzn5z4nz0gkmnymt1vv,k8s6gur0drflqch0lpkyppzyqq3kbpk6u7,707
dojd0u02tp0no0miby3bzofi7qa7w83l3l,Owner_426,High,69,1636.43,crltq3ucuq56e4nwc4cbpva7c1jtad60r7,9wg80iqb48q1h1v1m7ljpjg7mjh4kanlq8,934
y801yi21yh1ik0maprslk3wzd85eqrq87u,Owner_427,High,34,9396.11,ihths99htup8s10fczufhcu8qtvjuy5v93,mrp3hld4tum1hx35amkv2hs722ospvjw4e,793
x1x85b8q0giaw0achki541vthbrt3neq4m,Owner_428,Medium,67,9526.49,00rnaggik6p4t1meo2qyc01k9jgmlqdn9k,0siekzd2r2r3lrzcevzea3krbmiqsega6h,952
hhc86dlt29jyqt06jl3pvss83yyye3767f,Owner_429,Medium,79,8401.83,ckoldz530c42sza88o0z846aowjv082udi,vlu0vf2brlpyrxbq0swgp0tak663cc3ez5,762
ipaf325njo2qumxkyi0uivuga6zl4jd1s9,Owner_430,Low,44,605.66,f7wsftxxut1a8fvalaxdmehk2sf13gb7ov,h28p7ppokzqknq8cye3ba71bwlfleelf6a,195
lccyvawvvjhenqcbkgxdoanm3331oc54xw,Owner_431,High,46,6240.4,8p8uwxl6xjylj7i900gie72a465ua20al1,dudjfqr0i81jl3ko7igqa12on4f3dlfekp,110
ug7l4y0nnv6tj8g38uu0tj9a8lvj8hv9gf,Owner_432,Medium,83,7964.97,diejbh2o8jhyl7q16vihpps0v52p254nce,78pf1puc4zml71ujzh5p13t1plutrwyxc9,355
4msc9lq7tcdmwxr3l16b7obau877frp7eo,Owner_433,High,71,7930.56,rq4olrxzg4nupvu28di6uj52gio271k2ry,jw4dgfjp14buq5n7slj25crwohb2j5z8hi,657
ep2c1ir45p9c22vbrhptlvj9p6cfnfgph1,Owner_434,Medium,51,2332.69,uaiahwz9i465p6nv0a6cn3d89yhbgm12zp,cnri3e7tj3se0pe336pw6nock8d674oun0,502
eyza3ktaijsuqxfgildq4cjk7s374tpdv8,Owner_435,High,61,9172.48,zvz847kfigeeyjvwxia0fwawj11duyglxq,t3c6ybjqnes3he41uw6lwmd3lm9yyki8ko,88
axu568so0p6h59kz2koom22u0ziogd7229,Owner_436,Medium,10,4087.16,bb1a461r0tvyc4s8is69sxyqu3kktj8lfn,cn1m6t9j2jk7mdb2nij33m3yser685nrok,564
kmh9z9a4gmk4850nrodj2vl45n7o3ngtec,Owner_437,High,67,1084.23,6jxlp0g0zl65umlkiup5wfivxjz2gar2bf,yvj0zgl03a0bcyfltvblgjonazyw7lfllm,906
n7htg9tphtgot7yzhjqnon0jb9dlnrduox,Owner_438,High,84,8829.63,5kbnxa6p569jo7v5h5gfl50037dwr86qsi,jnmtqkmuyzd5lhsd229cbzwjpj8wr65mne,522
jlc8ty5m87gp6ghryrrhxqtil7bn3t77mx,Owner_439,Medium,27,2697.72,9hwynmz6yroz4p67ejvbrx0he4gwbe2nrl,zheetswssnflaiqapf3tc6ith3oj6q9o6o,944
zokirvr6uln4n0wwxjfocamdp3atwgznv2,Owner_440,High,26,6250.7,fkgar8gd7bqw6zzze5j4k19nny3sp4eivo,l47qenszdr4n320t77g3e5qx2ottk09awm,228
frsm0x4uc35c3irl8duyabi1xo1poldnke,Owner_441,Medium,14,6358.92,2w2ni73n2pbfhav7m7knw5czztja92vfs5,h4t3xshpr8lwko7oucsplrcdtnt0vx1kpp,940
t1f9n2k90ucykj1ygap28o1vsr3mgpq0no,Owner_442,High,64,7976.23,qjefpumqz8wq80dq39avu5h3fdv15bd5pw,ifvxklsy84zq2jv3d0ybohzz7451j8gbub,313
j4rmm0a019py7x9hjf62m9ukfkocpj4fex,Owner_443,Low,93,6602.88,tt8pxa8xoa27fy7tkb95o75zz8lmnu24y9,d0ia42sct8n9ufzut8jfbk069uf94p2hdb,564
do2t4jt5qd9hvzzy1eeonavcwgyltr4hkl,Owner_444,Medium,87,4216.12,4p4vir5f5l9wwzshfje0hr5pxqb0ibqek8,1o8dncl2b834ta7hdl982cm4mdtn3i9kkc,250
agxtyhft2bmzc5hdp1qm2u0bwa05zow47k,Owner_445,High,89,6849.32,kq08o25oc3ljnzcasxmq472wui6cmhobz9,b1ezjlxenny9rcj77fuh6v5pdmdvcsmd8b,428
h6kroonizaap1l5s0fcmuvbhpskqo3xwmw,Owner_446,Low,57,9071.02,1w8uwnsw78ip9njrlffteo8cluvrx9mx9i,accfnr1u9yqsci96b7icfmrxs3uq4ghc6o,717
ftrstph2q0svxisje0uwkh3779qlf8ixub,Owner_447,High,1,7635.96,imewvxjpiw2lcygs5jxivhnbnjppqj6o2t,3ls7pqbrraah2avq798f0jy4waqx9s6060,868
ilv0vru3txzceh1ibissmvpxpluxiz3cik,Owner_448,Medium,35,3272.55,q3wgxp2m9dejqy0tdxepx011u88htpyo1p,iq8h1597feis74dlq3e7icbi1ea30bq2k4,428
fztawwcym0zd3w4uwzl9tcxnzbvoz46gbl,Owner_449,Medium,46,4392.39,b2zj8nml6p6dcvr39919ollomfrko9t2pb,0tt67t0zjw6ss0fgge9o49u94r0s730kyr,985
1ph7yi5ha5r7d8bhjydlw0f68jkzc62rt3,Owner_450,Low,93,9272.4,sx2bz3b777f4889og5i3q6syyn3va3qr83,8ue0brpjj4gnoxtbba4i74oudsl50gixkd,767
98c2bpeb5a4usek8vip09n2kneqfl1sfgs,Owner_451,Medium,84,9724.14,02s9mnzrjyu0da2s7p2ap4jyuklh87jct0,aghlg6i9qwox7hveeq7lfuv5xol45l2u87,810
1103bp6edxywtg7qx8ylejwfcyubngfe9o,Owner_452,Low,30,5166.05,5rkbp04g17o2vznmu74ao2g1vds7uo6434,ulytekj6e5i6hp6qruokdjp21flrx8qrjl,918
vnxygehanz3kglpimh2t7k9mhwlrk1oku7,Owner_453,Low,62,1271.53,q732vnqze54xrlk9whr6l19sacnyf1h4su,9df08d828svd2wo857yp2n50jkmv6vk6gn,436
6n3w2ljrhf8pkc6j2z42mt0r12iwkvz7bg,Owner_454,Medium,13,4431.58,qlpldm6hvvgk2h8h4rkisboygqdnlt72oa,s0oin6ohuxo0q13m2kdabyowstsuxy3umg,39
wit3xmpo2uz152ro4636qhvl3om42gbmik,Owner_455,Low,79,516.2,1wemt011ulgfcbc7q28vubf4t084702yy1,qrq3srn91duz7pskwn71kpf4y11s0z7dj9,265
wdspuj9qn19uzql2usuug0nogpumrn7zni,Owner_456,Medium,50,6648.99,2pcc0ckud6gn3w2o1k826zpqz80n1yuiai,dr16argesgm4df4mxyhsmog7yeucu8q5sp,19
x2w02z546c5ikxcc0sxwkfgbg15yp367l4,Owner_457,High,4,9122.35,g40u4ik9j22x5d26zf179q35o4dvnbbrnp,vvjlxs895qbgb3jlfctffcq4e8qq2eprbi,154
k7hbws3e0nzm0v0j0ianz3n4h9gheg56ju,Owner_458,Medium,80,6208.41,5zvbj5dx6gqknxhw4a5domhspqxai5a87s,1hypgbci0njcxmm8h94bwb0jzbel212h0g,304
1z56bn2bf8yhanuhlvao0ob4d8j4r9txj4,Owner_459,Low,42,8353.09,2svm0pboc3ihb7w1bf5udgqn489yrhencp,digj0o18uw7pgeyrevsvh4hmb57wd6lgxl,622
cu575zy24av6ik08dgdtyoizkynzvwb4z4,Owner_460,High,25,4152.38,lxp8elo8m9wsiusxp0sz8h84y0babz9xvx,eru87s4mxwxgvozs6ympuhcn8u5d075xeg,609
dhy7z8aza1xfjhqhgyxg1njl417nr5o2fr,Owner_461,High,45,6817.08,zxv8yuo7dr81f1yirte7hb2l1545y106x8,62mt10ooemcd2ly68b1f85w3ixp76hfn12,727
fev66tmcjhzrbysvddprn6r3wip8xcq1e2,Owner_462,High,3,4464.33,8gg2ayuep15odsqs1lfkm7rvrrl2jwdahg,j6rqxljv0hacryevyvpmyzgjz7tl2kl1jm,66
o6mr2q59cyqrxh9oluid1gik7ep59m0zu6,Owner_463,Low,85,2419.45,06nyieyssfcxep6vbcgyj07us01ojn7pxt,ozhhnreqgz7rstek1c3wtldgvr29o9gv9k,632
1owps3rwp50makka3g7xybkf9jqnivdpsa,Owner_464,High,80,8474.35,lpkw0lyip7vphreeie0qxwtzzl1z4k7d8r,ajkn32chfd1sdkxfq5w2mmnegyd7c93t4s,406
p8uk9j9vbt8lmtove6pl143jq8ig26u2tb,Owner_465,Medium,76,1874.66,koc19hjai6dhs603n5zuhl3si44vlwbob0,rm6wu42hta61t4zt65ff2jzhcq733xzl6d,11
4zu6c0knil1zaf7lqtnzca6m8v7oureida,Owner_466,High,75,7920.29,cist6udjcdn3lbocsmp5p1pbu6ruoxbyul,r54pogk28ze2y6limhmvbk2gp62rtdp09r,428
fgjiaklrci5ze3illn549vwchdbujwgp0d,Owner_467,Low,20,368.47,ifujkhruk3msnpeybct1y9u17yvrpun8g2,fi4sxjxfybmt1e2870m8c4dhuff5r24cmt,389
nkb19jay2sl9a3tr11tbivr88fheta8nit,Owner_468,High,96,9072.93,67i6z8k4uo8vxr0r5noutgajrd8i63ptkr,8hhttd9nztl4814lay07pkpxod8jfoaxyo,39
ixjrr9svqizaemcukmir6f839tyhx9zhjq,Owner_469,Medium,47,2618.67,euvd7uu9k6tkd6zo8giwhzysd17f7prz22,iybvhj8gjqyt26sihrfrj05shmkrdbd10m,169
u0xlxjahd6a1pafgl3iy77imior2dw2qhy,Owner_470,High,21,1722.19,njwp4loz1q0tf98zieoam5uwhwddv9jzsy,ucdbd8640kizt90ctc1r634mh210m7b64d,568
60w86777tutou5we8r9s9ktyqbbpjbee41,Owner_471,Medium,95,1382.04,d9tasxdjvwrypm7kfbf8ml1yzcc5cvgwsq,cppi2fpwx9gc7eyeevgny96ab486l8rlse,630
manm0sqq7qpef347wwmgybi0z9zm3lmjna,Owner_472,Low,37,180.2,rhr8ib6yqs3sixlsilbd5hxf1lhejqjp33,n5w7vm5vkejitisb3f1w7qnnkgtbx7mdxw,201
z5cie8vm33hqjkbue6uw60zfrr14ygy9kl,Owner_473,Medium,89,103.67,14rsx8zh39z5bqn84sznnorpzck4qy7mq2,jtrm72itewehrhb63x9j6885gktd2h179v,24
1d5co0eti5qfcknvyz53vtm9xs8f9x06we,Owner_474,Low,56,5217.76,lnetoiq59kxwmcepslmpmtrrd26r8h3678,16q2nj0p5w9mn0i9dytxuvpi5k9zsg09ab,977
n7jm4p7stn0yex50fdk11becbari9c2n56,Owner_475,High,33,6755.81,or7on8xj97q8nts44m0qik4qauhy3aask6,bres0uuhjalck6zvy8f5bptc322wliirk6,734
20dehzwljcidr0mjwujfuy3ffo1zcfbzy2,Owner_476,Medium,96,1359.91,688pcj50xbekttg9oie93r1fyeawx508h8,maed3bppmgmtq80f13u0gukomb6ri34wq1,688
c25s41hoqo2ghjndel3hi1jpw7i3yirmqa,Owner_477,High,88,364.34,cl0dx3hx6cdnddqd8499p0i2qep09spzy0,odutb7bholjr1av6qtnfarn4z75rrvucbd,90
1tquja9lw7loqfe5a3t2w832qi27vy2qqk,Owner_478,High,100,854.47,0i6uso2j1t6gxmu795zx1vipvjr35yhcid,slgyecg68819ukz9nbc3wx2006j7bievqp,389
oy9m75n9tzxx4f3os4g4efowgflnsb37nw,Owner_479,High,27,6985.01,r1f2psqpi8v3qhivfvnynpvyqdmh57n9kl,obvb9rlyq9gtiik2nfw16ph8ahl4i0vrr4,463
u1kkow9l0evslhgwxbljhdmv0um6mqauk4,Owner_480,Medium,75,3508.47,sm9vg3zngqpj9bmf60thho2f040jqn8j7z,cgbk27wly11b4vi5psgsuyvlwqmzyhscgc,42
21jh8wg9kiq31l7vsk5pg6ik0ra8vr8u2l,Owner_481,Low,16,2806.88,1yw4r42j1cbw2213a0s55zbca48ua07nfx,gpa8eug53k5v6hz9nzouvt32a5r10le3sz,935
hr12td1ful6k01xwwim9xb0kygkwv89i0g,Owner_482,Medium,99,2908.52,9pfdmedi71wk6xbxnmzr5yha0dlriq4bt1,favghfr5bhjvmccz34fgx5nk7izud6vsew,376
xrronp2cady2sstr01qqfm6z0m0n0664si,Owner_483,Low,22,7711.18,mr09j21ilouti9g0v2dtesppc85p7z0p3h,rba1pv8lw619oyz5jhvhy6qqt1rn49d9nd,262
cxr8xyjmovx1ujhlbvrmw10f94tvwlsqnq,Owner_484,High,42,9487.84,e460qi8zvxbg87sxb3sykm7etwzq3a0xk8,g5bcg310e3w45vdyw9c3u8eddg3b3sbb5x,886
xui1sdxjydw7x0noaaryg49ltdy1yp5gur,Owner_485,High,71,4690.96,2b8e1sbuez10o2oefc7hd4y44nncewc9yi,r2gmf7grxrm2zpuxkw9z72eh9gvjhri7lg,634
v6p53zqrocrhq0xe2scmooyll42xha949n,Owner_486,High,13,9752.56,q10vddxw9275ny5lm3szfwvp1lvxo3b5cr,qxp0sh63k9writ3f492g95o3gki14h2ot1,885
hceazzkj9teubroewq2ne0i7fssrn9bx9w,Owner_487,Medium,14,1222.41,e67seagspfm29tmec55u00n1w4cqw1ya91,n26e2dxqcg2e75dzrnrdsmeznofgdar85v,482
kx4pw25incsbgnsygp0yk513sagoit2j3o,Owner_488,Low,94,7259.02,xh951s9pyr88dh9yykkf4d1vea78j7rm44,yaubuqxx49hw47ecde2r23iq0nw5oepcy8,121
isurg8lul4by1km3kce9sb0jhwqvpbs798,Owner_489,Medium,20,7408.37,5l3673z227lro2h1idiw0ny853tlg9l10n,btfgsamivzigedekda79rzorzhjmz1cbqb,706
rsdhle4u436140e6qwn6vyw1dzin9pvtqw,Owner_490,High,12,4016.55,rokymrzlrw6sdlbrk3d55lqjd4eo7sk9eg,tqs8s0oqzzbfbvlhq7aherr4pmjmhxntos,975
w7i4hxdgerxag3jwaaqx54d1geirvaijqh,Owner_491,Low,94,2941.61,j983iawtogrxs6xrc3v6vbkk5sjzn1k7i2,8azm0dbwrsi6nnr4btumb4rsxuk7sgysy8,797
dihk7w5fftjblv37g74wyhc0yy8t508m3r,Owner_492,Low,17,6785.68,jkxnx75e2fc2idv0cgce6247chswvzkp61,6dkn1vebhz6zasmcg4d0fue3wkp7r0tnsz,815
uoawsw4s4msg65ekvl2056argyk4jhfghj,Owner_493,Medium,72,3203.75,edssh2k53bsdowx4fn9coyxhk2r4g9hgxe,s3vgnkt107l7jxk6vqvmk9jwp9t4o0quw1,725
owil9445qigriy86dv9lpyyqwit4kdokth,Owner_494,Medium,57,7361.37,gv13vie3bl3od2at4li8m4j75ewr1krkkj,zdh0cf15r19l9ik9z7krot9lzulejyuhii,667
45jeg4hip7cikvfjdjp64ptaq48ijuoyps,Owner_495,High,15,6007.13,7nupl45f5tai6tfcxwz5j9ri0jxe3p6635,c0fesfmrctzcaj0vnekz9nfpgp86swmj5x,765
quoxcq8wn5figsv1xhx4g2ivx1u94m7l2q,Owner_496,Medium,94,4376.54,xpwma63w4zddjwep6htdzntsaig8erezp9,pi4i5bolfpro34gyxzuze9rss4g7vxab6t,578
5fklari5qr2am8kd0wyxlhblwziju4kj6p,Owner_497,High,55,9822.6,9xnfgk2zwlrbqemqzrmdeev6cj8oy8crc8,jw63rl96mkye9q94qiz3ucwh17gt84fllt,686
lv6d02b3pywpxeat02j7sf5xeixdcy0mvv,Owner_498,Low,20,7795.6,fajw6g0awn7hga1a3ip5vuurm2lu0xq6m8,4vkr5f4714pcz07jfobqfk3qy1rm0s12aj,250
zaeyuh6fwnkd0y595fhoycj2sg49hzj3rj,Owner_499,Medium,43,2712.07,nxv4u3wy20jqomuom7rwyyqp7hlohqrdu5,z6vvlybfurv15dxesd6axqecj22ebosqu5,535
dc05mfeoh074k3v2qqjf42ir1oqmr7tma1,Owner_500,Low,13,8795.72,b1745mu1v7g3il7wnhu6dl3rhgt6l030xv,a2p0llq4kk2ftfj7drbqieoylru383f710,489
